	Unnamed: 0	Unnamed: 0.1	Unnamed: 0.1.1	best_epoch	best_validation_em	best_validation_end_acc	best_validation_f1	best_validation_loss	best_validation_span_acc	best_validation_start_acc	dataset_reader.sample	dataset_reader.token_indexers.token_characters.character_tokenizer.byte_encoding	dataset_reader.token_indexers.token_characters.character_tokenizer.end_tokens	dataset_reader.token_indexers.token_characters.character_tokenizer.start_tokens	dataset_reader.token_indexers.token_characters.min_padding_length	dataset_reader.token_indexers.token_characters.type	dataset_reader.token_indexers.tokens.lowercase_tokens	dataset_reader.token_indexers.tokens.type	dataset_reader.type	embedding	epoch	iterator.batch_size	iterator.sorting_keys	iterator.type	model.dropout	model.modeling_layer.bidirectional	model.modeling_layer.dropout	model.modeling_layer.hidden_size	model.modeling_layer.input_size	model.modeling_layer.num_layers	model.modeling_layer.type	model.num_highway_layers	model.phrase_layer.bidirectional	model.phrase_layer.dropout	model.phrase_layer.hidden_size	model.phrase_layer.input_size	model.phrase_layer.num_layers	model.phrase_layer.type	model.similarity_function.combination	model.similarity_function.tensor_1_dim	model.similarity_function.tensor_2_dim	model.similarity_function.type	model.span_end_encoder.bidirectional	model.span_end_encoder.dropout	model.span_end_encoder.hidden_size	model.span_end_encoder.input_size	model.span_end_encoder.num_layers	model.span_end_encoder.type	model.text_field_embedder.token_embedders.token_characters.dropout	model.text_field_embedder.token_embedders.token_characters.embedding.embedding_dim	model.text_field_embedder.token_embedders.token_characters.embedding.num_embeddings	model.text_field_embedder.token_embedders.token_characters.encoder.embedding_dim	model.text_field_embedder.token_embedders.token_characters.encoder.ngram_filter_sizes	model.text_field_embedder.token_embedders.token_characters.encoder.num_filters	model.text_field_embedder.token_embedders.token_characters.encoder.type	model.text_field_embedder.token_embedders.token_characters.type	model.text_field_embedder.token_embedders.tokens.embedding_dim	model.text_field_embedder.token_embedders.tokens.pretrained_file	model.text_field_embedder.token_embedders.tokens.trainable	model.text_field_embedder.token_embedders.tokens.type	model.type	peak_cpu_memory_MB	peak_gpu_0_memory_MB	peak_gpu_1_memory_MB	peak_gpu_2_memory_MB	peak_gpu_3_memory_MB	peak_gpu_4_memory_MB	peak_gpu_5_memory_MB	peak_gpu_6_memory_MB	peak_gpu_7_memory_MB	train_data_path	trainer.cuda_device	trainer.grad_norm	trainer.learning_rate_scheduler.factor	trainer.learning_rate_scheduler.mode	trainer.learning_rate_scheduler.patience	trainer.learning_rate_scheduler.type	trainer.num_epochs	trainer.optimizer.betas	trainer.optimizer.lr	trainer.optimizer.type	trainer.patience	trainer.validation_metric	training_cpu_memory_MB	training_duration	training_em	training_end_acc	training_epochs	training_f1	training_gpu_0_memory_MB	training_gpu_1_memory_MB	training_gpu_2_memory_MB	training_gpu_3_memory_MB	training_gpu_4_memory_MB	training_gpu_5_memory_MB	training_gpu_6_memory_MB	training_gpu_7_memory_MB	training_loss	training_span_acc	training_start_acc	training_start_epoch	validation_data_path	validation_em	validation_end_acc	validation_f1	validation_loss	validation_span_acc	validation_start_acc	model.encoder.architecture.type
0	0	0	0	8	0.6511825922421949	0.6473982970671712	0.7504054156749541	2.9426501437503165	0.5251655629139073	0.6141911069063387	10000	utf-8	[260]	[259]	5	characters	True	single_id	squad	bidaf	17	16	[['passage', 'num_tokens'], ['question', 'num_tokens']]	bucket	0.3707716946730989	True	0.11882237916268652	232	2000	3	lstm	1	True	0.17179910072677065	250	220	3	lstm	x,y,x*y	500	500	linear	True	0.027973003639208068	231	3392	1	lstm	0.2535210750663656	45	262	45	[1, 2, 3, 4, 5]	24	cnn	character_encoding	100	https://s3-us-west-2.amazonaws.com/allennlp/datasets/glove/glove.6B.100d.txt.gz	False	embedding	bidaf	7653.628000000002	7023	8043	7617	7850					https://s3-us-west-2.amazonaws.com/allennlp/datasets/squad/squad-train-v1.1.json	0	7.977078120714989	0.5	max	2	reduce_on_plateau	20	['0.9563417659442317', '0.9238901605928929']	0.0006290648955024023	adam	10	+em	7653.628000000002	32387.000000000004	0.7892213381431294	0.8488110594869804	17	0.8881588354728516	5239	7731	5217	4969					1.02674830871766	0.7499857304307127	0.8288907407618809	0	https://s3-us-west-2.amazonaws.com/allennlp/datasets/squad/squad-dev-v1.1.json	0.6377483443708609	0.6343424787133396	0.7388037688168383	3.7374910849305762	0.5081362346263009	0.5983916745506149	bidaf
1	1	1	1	16	0.5269631031220435	0.5683065279091769	0.6507279568712562	3.4883350876925032	0.4220435193945128	0.5047303689687795	10000	utf-8	[260]	[259]	5	characters	True	single_id	squad	bidaf	19	16	[['passage', 'num_tokens'], ['question', 'num_tokens']]	bucket	0.02137741044219044	True	0.2914502377088584	317	2456	3	lstm	2	True	0.0919348433798448	307	260	1	lstm	x,y,x*y	614	614	linear	True	0.3320513873039856	507	4358	3	lstm	0.018346340981135856	18	262	18	[1, 2, 3, 4]	40	cnn	character_encoding	100	https://s3-us-west-2.amazonaws.com/allennlp/datasets/glove/glove.6B.100d.txt.gz	False	embedding	bidaf	7729.984	7211	7103	7109	8085					https://s3-us-west-2.amazonaws.com/allennlp/datasets/squad/squad-train-v1.1.json	0	5.420545345729123	0.5	max	2	reduce_on_plateau	20	['0.9107824183727542', '0.9930809800551247']	1.4639685512701478e-05	adam	10	+em	7729.984	50391.0	0.5918446557609105	0.7358074863868309	19	0.74729099357979	10	6853	7109	7803					2.307623128041829	0.5340129453532575	0.5955547437756139	0	https://s3-us-west-2.amazonaws.com/allennlp/datasets/squad/squad-dev-v1.1.json	0.5188268684957427	0.554872280037843	0.6458919698726097	3.7897081806151114	0.41466414380321664	0.5035950804162724	bidaf
2	2	2	2	1	0.02573320719016084	0.038694418164616835	0.07050088341916204	11.31870428985619	0.02128666035950804	0.0390728476821192	10000	utf-8	[260]	[259]	5	characters	True	single_id	squad	bidaf	10	16	[['passage', 'num_tokens'], ['question', 'num_tokens']]	bucket	0.4768461972497139	True	0.279094001498624	301	2120	2	lstm	1	True	0.1945979959856388	265	235	1	lstm	x,y,x*y	530	530	linear	True	0.2848844983012516	306	3926	3	lstm	0.2967137531426872	36	262	36	[1, 2, 3, 4, 5]	27	cnn	character_encoding	100	https://s3-us-west-2.amazonaws.com/allennlp/datasets/glove/glove.6B.100d.txt.gz	False	embedding	bidaf	7677.3640000000005	7221	7675	7879	7777					https://s3-us-west-2.amazonaws.com/allennlp/datasets/squad/squad-train-v1.1.json	0	6.5682447605300425	0.5	max	2	reduce_on_plateau	20	['0.9620482604171426', '0.9062821714466857']	0.012713076225459866	adam	10	+em	7677.3640000000005	20199.0	0.0004908731834838298	0.008139362321487688	10	0.06357700549156665	7221	6893	7879	7777					10.07297085827344	0.0002739757303165561	0.009315174830762907	0	https://s3-us-west-2.amazonaws.com/allennlp/datasets/squad/squad-dev-v1.1.json	0.009176915799432356	0.006433301797540208	0.028406302885471912	9.769643260563377	0.0062440870387890255	0.021475875118259224	bidaf
3	3	3	3	11	0.6726584673604541	0.6620624408703879	0.7642391605758271	2.605526649194478	0.5462630085146641	0.6278145695364239	10000	utf-8	[260]	[259]	5	characters	True	single_id	squad	bidaf	19	16	[['passage', 'num_tokens'], ['question', 'num_tokens']]	bucket	0.1995573659298342	True	0.3310441317626561	459	672	3	lstm	1	True	0.4718456549217866	84	272	2	lstm	x,y,x*y	168	168	linear	True	0.187693884387099	510	3426	3	lstm	0.4343508135406189	35	262	35	[1, 2, 3, 4]	43	cnn	character_encoding	100	https://s3-us-west-2.amazonaws.com/allennlp/datasets/glove/glove.6B.100d.txt.gz	False	embedding	bidaf	7723.5480000000025	7945	7835	7835	7607					https://s3-us-west-2.amazonaws.com/allennlp/datasets/squad/squad-train-v1.1.json	0	7.00905661986953	0.5	max	2	reduce_on_plateau	20	['0.9956869307928163', '0.9796333660899377']	0.0003314634007116435	adam	10	+em	7723.5480000000025	51299.0	0.788627724060777	0.8537083756663889	19	0.8905858457868023	7945	6965	0	0					0.959046963635645	0.7440039269854679	0.8197468007625658	0	https://s3-us-west-2.amazonaws.com/allennlp/datasets/squad/squad-dev-v1.1.json	0.6644276253547776	0.653926206244087	0.7594169804006304	3.5224389907271347	0.5331125827814569	0.6147587511825923	bidaf
4	4	4	4	0	0.10785241248817408	0.1639545884578997	0.19441467416935	6.928627083052668	0.09082308420056764	0.14957426679280986	10000	utf-8	[260]	[259]	5	characters	True	single_id	squad	bidaf	9	16	[['passage', 'num_tokens'], ['question', 'num_tokens']]	bucket	0.16475884264843646	True	0.038375183662974766	507	1864	1	lstm	2	True	0.4787419443877414	233	172	1	lstm	x,y,x*y	466	466	linear	True	0.27479373001280805	162	4906	1	lstm	0.2810439390228208	37	262	37	[1, 2, 3]	24	cnn	character_encoding	100	https://s3-us-west-2.amazonaws.com/allennlp/datasets/glove/glove.6B.100d.txt.gz	False	embedding	bidaf	7657.3359999999975	7143	7625	7767	6845					https://s3-us-west-2.amazonaws.com/allennlp/datasets/squad/squad-train-v1.1.json	0	6.573555393397798	0.5	max	2	reduce_on_plateau	20	['0.9060681876978283', '0.9867682042820753']	0.017911945810627113	adam	10	+em	7657.3359999999975	13103.0	0.002465781572849005	0.015628032283473557	9	0.06535675142200423	7143	7331	5157	6845					10.074536004959176	0.0019406614230756056	0.01662119430587107	0	https://s3-us-west-2.amazonaws.com/allennlp/datasets/squad/squad-dev-v1.1.json	0.006054872280037843	0.013150425733207191	0.06052374158867084	9.747566567967773	0.003878902554399243	0.02223273415326396	bidaf
5	5	5	5	19	0.0814569536423841	0.14692526017029328	0.18715409928155013	7.188633354637156	0.06338694418164617	0.12317880794701988	10000	utf-8	[260]	[259]	5	characters	True	single_id	squad	bidaf	19	16	[['passage', 'num_tokens'], ['question', 'num_tokens']]	bucket	0.2586863267556008	True	0.1083613629813967	446	1632	3	lstm	3	True	0.1180983027346842	204	151	1	lstm	x,y,x*y	408	408	linear	True	0.08496398995894411	323	4308	1	lstm	0.3912755206570801	52	262	52	[1, 2, 3]	17	cnn	character_encoding	100	https://s3-us-west-2.amazonaws.com/allennlp/datasets/glove/glove.6B.100d.txt.gz	False	embedding	bidaf	7672.764	7945	7835	7835	7607					https://s3-us-west-2.amazonaws.com/allennlp/datasets/squad/squad-train-v1.1.json	0	7.637627420383575	0.5	max	2	reduce_on_plateau	20	['0.9211172664357545', '0.922465359122427']	1.3455631159730871e-06	adam	10	+em	7672.764	35731.0	0.06514914553819108	0.1383234968435713	19	0.15826884677346745	7945	5133	0	5183					7.298184200879103	0.05940707085697325	0.11860865991620907	0	https://s3-us-west-2.amazonaws.com/allennlp/datasets/squad/squad-dev-v1.1.json	0.0814569536423841	0.14692526017029328	0.18715409928155013	7.188633354637156	0.06338694418164617	0.12317880794701988	bidaf
6	6	6	6	11	0.5599810785241249	0.5856196783349101	0.6760310581788285	3.2040985819070675	0.4488174077578051	0.5328287606433302	10000	utf-8	[260]	[259]	5	characters	True	single_id	squad	bidaf	19	16	[['passage', 'num_tokens'], ['question', 'num_tokens']]	bucket	0.2764271849380842	True	0.0968414829883414	483	1360	1	lstm	1	True	0.19451655537110465	170	312	2	lstm	x,y,x*y	340	340	linear	True	0.0036995464332048593	504	4258	2	lstm	0.2721483176070507	60	262	60	[1, 2, 3, 4]	53	cnn	character_encoding	100	https://s3-us-west-2.amazonaws.com/allennlp/datasets/glove/glove.6B.100d.txt.gz	False	embedding	bidaf	7720.808000000001	7211	8047	7249	8085					https://s3-us-west-2.amazonaws.com/allennlp/datasets/squad/squad-train-v1.1.json	0	9.259799530907989	0.5	max	2	reduce_on_plateau	20	['0.9043425149795542', '0.9416656767197007']	3.9103206738311185e-05	adam	10	+em	7720.808000000001	39227.0	0.6746652359045194	0.8631377070514503	19	0.8173062992887553	6381	7103	5553	8085					1.658239536470474	0.6140595212274113	0.6339341773307915	0	https://s3-us-west-2.amazonaws.com/allennlp/datasets/squad/squad-dev-v1.1.json	0.5463576158940397	0.5680227057710502	0.6684212609076745	3.9871493200130432	0.4367076631977294	0.5352885525070955	bidaf
7	7	7	7	10	0.6396404919583728	0.6366130558183538	0.7387882722824007	3.1179005867955185	0.5151371807000946	0.6024597918637654	10000	utf-8	[260]	[259]	5	characters	True	single_id	squad	bidaf	19	16	[['passage', 'num_tokens'], ['question', 'num_tokens']]	bucket	0.3693124140324333	True	0.06826542607694043	341	2432	1	lstm	2	True	0.006100626821533839	304	296	2	lstm	x,y,x*y	608	608	linear	True	0.3430640234826089	73	4478	1	lstm	0.3850122969778815	43	262	43	[1, 2, 3, 4]	49	cnn	character_encoding	100	https://s3-us-west-2.amazonaws.com/allennlp/datasets/glove/glove.6B.100d.txt.gz	False	embedding	bidaf	7653.175999999998	7221	7677	7485	7777					https://s3-us-west-2.amazonaws.com/allennlp/datasets/squad/squad-train-v1.1.json	0	6.258024812900152	0.5	max	2	reduce_on_plateau	20	['0.9857654743969362', '0.9375756749171239']	0.00026687575184660176	adam	10	+em	7653.175999999998	28462.0	0.8972591011312915	0.9310494412036668	19	0.950921501830854	7221	7197	6035	6045					0.4317039545730913	0.8749643260767817	0.9230813137136268	0	https://s3-us-west-2.amazonaws.com/allennlp/datasets/squad/squad-dev-v1.1.json	0.6083254493850521	0.6120151371807001	0.7213194577572836	5.164016778909132	0.4804162724692526	0.5761589403973509	bidaf
8	8	8	8	12	0.3512771996215705	0.369914853358562	0.4427208723819003	4.914775493105314	0.27975402081362344	0.3464522232734153	10000	utf-8	[260]	[259]	5	characters	True	single_id	squad	bidaf	19	16	[['passage', 'num_tokens'], ['question', 'num_tokens']]	bucket	0.4377646371452109	True	0.1423374254381377	457	2912	3	lstm	2	True	0.3925983570919637	364	268	3	lstm	x,y,x*y	728	728	linear	True	0.31693431647426984	183	5654	1	lstm	0.11801174759091206	32	262	32	[1, 2, 3]	56	cnn	character_encoding	100	https://s3-us-west-2.amazonaws.com/allennlp/datasets/glove/glove.6B.100d.txt.gz	False	embedding	bidaf	7692.004	7931	7615	7713	8055					https://s3-us-west-2.amazonaws.com/allennlp/datasets/squad/squad-train-v1.1.json	0	5.29358650091893	0.5	max	2	reduce_on_plateau	20	['0.9835340856962703', '0.9657952115841064']	0.001285053391122683	adam	10	+em	7692.004	47296.0	0.5528716081233804	0.6348816767314696	19	0.6625897200165037	7669	5359	7713	6187					2.334234054001499	0.5196406351670682	0.6170047603283143	0	https://s3-us-west-2.amazonaws.com/allennlp/datasets/squad/squad-dev-v1.1.json	0.34531693472090824	0.3618732261116367	0.43789525755260494	6.156049218011876	0.2769157994323557	0.33642384105960266	bidaf
9	9	9	9	19	0.4230842005676443	0.4754020813623462	0.5538276216094266	4.144566398886076	0.3382213812677389	0.4180700094607379	10000	utf-8	[260]	[259]	5	characters	True	single_id	squad	bidaf	19	16	[['passage', 'num_tokens'], ['question', 'num_tokens']]	bucket	0.2558551063514902	True	0.11775761458789052	159	2576	3	lstm	1	True	0.15874600509911946	322	185	2	lstm	x,y,x*y	644	644	linear	True	0.24596200478033786	174	3530	2	lstm	0.3125223403381336	44	262	44	[1, 2, 3, 4, 5]	17	cnn	character_encoding	100	https://s3-us-west-2.amazonaws.com/allennlp/datasets/glove/glove.6B.100d.txt.gz	False	embedding	bidaf	7655.02	7931	7613	7993	7447					https://s3-us-west-2.amazonaws.com/allennlp/datasets/squad/squad-train-v1.1.json	0	8.702218996375786	0.5	max	2	reduce_on_plateau	20	['0.940246836683322', '0.9531785998206515']	1.0267988732292624e-05	adam	10	+em	7655.02	34526.0	0.36587175652690096	0.4895832144202559	19	0.5275675663251518	7931	7613	7345	7447					4.077577580033917	0.3259397938332629	0.4134636240139728	0	https://s3-us-west-2.amazonaws.com/allennlp/datasets/squad/squad-dev-v1.1.json	0.4230842005676443	0.4754020813623462	0.5538276216094266	4.144566398886076	0.3382213812677389	0.4180700094607379	bidaf
10	10	10	10	19	0.29053926206244085	0.3842951750236519	0.4330870913884056	5.021448020675358	0.23566698202459802	0.3072847682119205	10000	utf-8	[260]	[259]	5	characters	True	single_id	squad	bidaf	19	16	[['passage', 'num_tokens'], ['question', 'num_tokens']]	bucket	0.31194291904987825	True	0.20962372442953364	179	1440	2	lstm	1	True	0.2387282947867325	180	410	2	lstm	x,y,x*y	360	360	linear	True	0.3531201294192249	400	2514	3	lstm	0.0014516187479686748	27	262	27	[1, 2, 3, 4, 5]	62	cnn	character_encoding	100	https://s3-us-west-2.amazonaws.com/allennlp/datasets/glove/glove.6B.100d.txt.gz	False	embedding	bidaf	7665.764	7211	8011	7249	8085					https://s3-us-west-2.amazonaws.com/allennlp/datasets/squad/squad-train-v1.1.json	0	5.011485289065499	0.5	max	2	reduce_on_plateau	20	['0.9739946714057972', '0.969094172252755']	6.144917077991898e-06	adam	10	+em	7665.764	39045.0	0.24024246852133016	0.3744334980992934	19	0.38894481876699816	6383	6631	6519	8085					5.135762439710365	0.21698877841071249	0.2874233724129271	0	https://s3-us-west-2.amazonaws.com/allennlp/datasets/squad/squad-dev-v1.1.json	0.29053926206244085	0.3842951750236519	0.4330870913884056	5.021448020675358	0.23566698202459802	0.3072847682119205	bidaf
11	11	11	11	10	0.6792809839167455	0.6753074739829706	0.7712637595952572	2.51741482883286	0.5540208136234627	0.6334910122989593	10000	utf-8	[260]	[259]	5	characters	True	single_id	squad	bidaf	19	16	[['passage', 'num_tokens'], ['question', 'num_tokens']]	bucket	0.4966530082109615	True	0.476745220598404	416	1904	2	lstm	3	True	0.39593140924235537	238	256	1	lstm	x,y,x*y	476	476	linear	True	0.17752607311192398	83	4400	3	lstm	0.00867967938948533	56	262	56	[1, 2, 3, 4]	39	cnn	character_encoding	100	https://s3-us-west-2.amazonaws.com/allennlp/datasets/glove/glove.6B.100d.txt.gz	False	embedding	bidaf	7644.148	7273	8043	6673	7448					https://s3-us-west-2.amazonaws.com/allennlp/datasets/squad/squad-train-v1.1.json	0	9.14883788801615	0.5	max	2	reduce_on_plateau	20	['0.9440083438462812', '0.9757522303172717']	0.00016646769681899517	adam	10	+em	7644.148	34031.0	0.7642210527517438	0.8336967316978504	19	0.8836050722865972	5239	8011	5217	4969					1.1063352315815072	0.7113551524560783	0.8000890421123529	0	https://s3-us-west-2.amazonaws.com/allennlp/datasets/squad/squad-dev-v1.1.json	0.6660359508041628	0.6633869441816461	0.7630364018571854	3.3975928798205186	0.5369914853358562	0.6147587511825923	bidaf
12	12	12	12	16	0.653926206244087	0.6422894985808894	0.7494783800470706	2.9324809608589324	0.5247871333964049	0.6091769157994323	10000	utf-8	[260]	[259]	5	characters	True	single_id	squad	bidaf	19	16	[['passage', 'num_tokens'], ['question', 'num_tokens']]	bucket	0.4179020209486588	True	0.16949852994326134	350	2088	2	lstm	3	True	0.31576773617423265	261	255	2	lstm	x,y,x*y	522	522	linear	True	0.4148897622537264	281	4188	2	lstm	0.20604285966839248	25	262	25	[1, 2, 3, 4, 5]	31	cnn	character_encoding	100	https://s3-us-west-2.amazonaws.com/allennlp/datasets/glove/glove.6B.100d.txt.gz	False	embedding	bidaf	7652.3640000000005	7669	7835	7835	7607					https://s3-us-west-2.amazonaws.com/allennlp/datasets/squad/squad-train-v1.1.json	0	8.30435949392531	0.5	max	2	reduce_on_plateau	20	['0.9969703977074292', '0.922335474761521']	0.0001926094116596915	adam	10	+em	7652.3640000000005	37262.0	0.6445164899142685	0.7205333394216829	19	0.7807736959730027	7235	7835	7835	5183					1.976642467148228	0.5872441466226783	0.6855786024954623	0	https://s3-us-west-2.amazonaws.com/allennlp/datasets/squad/squad-dev-v1.1.json	0.6404919583727531	0.63519394512772	0.7417286729968713	2.9770165793654058	0.5105014191106906	0.5976348155156103	bidaf
13	13	13	13	19	0.380321665089877	0.4210028382213813	0.4965808076566624	4.698989974568724	0.3032166508987701	0.37653736991485337	10000	utf-8	[260]	[259]	5	characters	True	single_id	squad	bidaf	19	16	[['passage', 'num_tokens'], ['question', 'num_tokens']]	bucket	0.4237670799601717	True	0.40568647218464415	441	2064	3	lstm	3	True	0.27410008093867005	258	352	3	lstm	x,y,x*y	516	516	linear	True	0.3346458757634862	158	4710	3	lstm	0.004487681315102243	42	262	42	[1, 2, 3, 4]	63	cnn	character_encoding	100	https://s3-us-west-2.amazonaws.com/allennlp/datasets/glove/glove.6B.100d.txt.gz	False	embedding	bidaf	7683.936	8021	7677	7485	7777					https://s3-us-west-2.amazonaws.com/allennlp/datasets/squad/squad-train-v1.1.json	0	6.031997025234817	0.5	max	2	reduce_on_plateau	20	['0.921755609581047', '0.9353481567757614']	9.019234505355279e-06	adam	10	+em	7683.936	48547.0	0.3094898343588397	0.4075046518795877	19	0.4487508899064317	7141	6519	6187	6767					4.689308476295643	0.27685247548488	0.3628009452162696	0	https://s3-us-west-2.amazonaws.com/allennlp/datasets/squad/squad-dev-v1.1.json	0.380321665089877	0.4210028382213813	0.4965808076566624	4.698989974568724	0.3032166508987701	0.37653736991485337	bidaf
14	14	14	14	19	0.21589403973509927	0.3220435193945128	0.368672597986935	5.654942965543578	0.17105014191106907	0.2405865657521287	10000	utf-8	[260]	[259]	5	characters	True	single_id	squad	bidaf	19	16	[['passage', 'num_tokens'], ['question', 'num_tokens']]	bucket	0.15382024682084816	True	0.36486531493657454	225	1088	3	lstm	1	True	0.4494299118699212	136	163	1	lstm	x,y,x*y	272	272	linear	True	0.2687351968729728	323	2438	1	lstm	0.4916867547037871	17	262	17	[1, 2, 3]	21	cnn	character_encoding	100	https://s3-us-west-2.amazonaws.com/allennlp/datasets/glove/glove.6B.100d.txt.gz	False	embedding	bidaf	7650.5	7945	6965	7835	5185					https://s3-us-west-2.amazonaws.com/allennlp/datasets/squad/squad-train-v1.1.json	0	7.047058598025812	0.5	max	2	reduce_on_plateau	20	['0.9666622135533202', '0.9337938429864304']	4.415331853085641e-06	adam	10	+em	7650.5	25616.0	0.17094944006210114	0.302629025445496	19	0.3196987750110834	0	6965	0	0					5.804452685221144	0.15328942111211316	0.2255505199831048	0	https://s3-us-west-2.amazonaws.com/allennlp/datasets/squad/squad-dev-v1.1.json	0.21589403973509927	0.3220435193945128	0.368672597986935	5.654942965543578	0.17105014191106907	0.2405865657521287	bidaf
15	15	15	15	2	0.009649952696310313	0.012015137180700094	0.03139867682251124	9.75944960820693	0.0067171239356669825	0.021475875118259224	10000	utf-8	[260]	[259]	5	characters	True	single_id	squad	bidaf	11	16	[['passage', 'num_tokens'], ['question', 'num_tokens']]	bucket	0.11496395916052345	True	0.1101580243548741	445	2272	2	lstm	3	True	0.127112253759183	284	380	3	lstm	x,y,x*y	568	568	linear	True	0.4921849899405252	432	4942	1	lstm	0.106959219556144	61	262	61	[1, 2, 3, 4, 5]	56	cnn	character_encoding	100	https://s3-us-west-2.amazonaws.com/allennlp/datasets/glove/glove.6B.100d.txt.gz	False	embedding	bidaf	7677.416	6537	6853	7109	8085					https://s3-us-west-2.amazonaws.com/allennlp/datasets/squad/squad-train-v1.1.json	0	5.996325975849046	0.5	max	2	reduce_on_plateau	20	['0.9620927279159661', '0.9835584628332905']	0.009769621233002415	adam	10	+em	7677.416	27003.0	0.00043379490633454717	0.027591639173963168	11	0.061040993559898775	6537	6853	7109	7803					9.792327276081801	0.0002739757303165561	0.019452276852475484	0	https://s3-us-west-2.amazonaws.com/allennlp/datasets/squad/squad-dev-v1.1.json	0.0	0.03415326395458846	0.06585637851093049	9.729116247208864	0.0	0.021475875118259224	bidaf
16	16	16	16	2	0.06622516556291391	0.1173131504257332	0.14950000547190798	7.313245036057372	0.05477767265846736	0.13131504257332072	10000	utf-8	[260]	[259]	5	characters	True	single_id	squad	bidaf	11	16	[['passage', 'num_tokens'], ['question', 'num_tokens']]	bucket	0.4232173433724424	True	0.4420191557395856	310	1192	1	lstm	1	True	0.4116978946311233	149	385	1	lstm	x,y,x*y	298	298	linear	True	0.4250467031863752	392	3052	3	lstm	0.2960658162268251	37	262	37	[1, 2, 3, 4, 5]	57	cnn	character_encoding	100	https://s3-us-west-2.amazonaws.com/allennlp/datasets/glove/glove.6B.100d.txt.gz	False	embedding	bidaf	7688.3359999999975	7103	7559	7995	7545					https://s3-us-west-2.amazonaws.com/allennlp/datasets/squad/squad-train-v1.1.json	0	6.139834255628254	0.5	max	2	reduce_on_plateau	20	['0.9695305172948552', '0.9978101751914898']	0.010852086463569414	adam	10	+em	7688.3359999999975	20953.0	0.024429502619892917	0.06861950478886747	11	0.10123716855972327	4609	3855	6875	7541					8.215154959970413	0.0219408897361842	0.08147353280288587	0	https://s3-us-west-2.amazonaws.com/allennlp/datasets/squad/squad-dev-v1.1.json	0.05231788079470199	0.09649952696310313	0.13011529585223194	7.764127706796066	0.0434247871333964	0.10463576158940398	bidaf
17	17	17	17	19	0.19479659413434247	0.2918637653736991	0.3272774860964705	5.9224847535322365	0.16017029328287608	0.21504257332071905	10000	utf-8	[260]	[259]	5	characters	True	single_id	squad	bidaf	19	16	[['passage', 'num_tokens'], ['question', 'num_tokens']]	bucket	0.27962408165290165	True	0.4012026735794357	112	2400	3	lstm	2	True	0.2992070643633454	300	262	2	lstm	x,y,x*y	600	600	linear	True	0.10542587736955904	268	3072	2	lstm	0.021620277760815758	51	262	51	[1, 2, 3]	54	cnn	character_encoding	100	https://s3-us-west-2.amazonaws.com/allennlp/datasets/glove/glove.6B.100d.txt.gz	False	embedding	bidaf	7639.28	7669	7615	7713	8055					https://s3-us-west-2.amazonaws.com/allennlp/datasets/squad/squad-train-v1.1.json	0	6.40503038953439	0.5	max	2	reduce_on_plateau	20	['0.94821346037111', '0.9409162207339279']	3.755084383165368e-06	adam	10	+em	7639.28	33971.0	0.1581068277035126	0.2698432630509481	19	0.28120823025120273	7669	5359	7213	6187					6.042488029993832	0.14419114373451752	0.20581285174488287	0	https://s3-us-west-2.amazonaws.com/allennlp/datasets/squad/squad-dev-v1.1.json	0.19479659413434247	0.2918637653736991	0.3272774860964705	5.9224847535322365	0.16017029328287608	0.21504257332071905	bidaf
18	18	18	18	19	0.4055818353831599	0.4856196783349101	0.5418958488098472	4.260286809456691	0.3269631031220435	0.3943235572374645	10000	utf-8	[260]	[259]	5	characters	True	single_id	squad	bidaf	19	16	[['passage', 'num_tokens'], ['question', 'num_tokens']]	bucket	0.4519648003135352	True	0.4617566604786064	145	1344	1	lstm	3	True	0.4207670471697808	168	232	1	lstm	x,y,x*y	336	336	linear	True	0.4990278185112055	335	2214	2	lstm	0.13950176001747774	43	262	43	[1, 2, 3]	44	cnn	character_encoding	100	https://s3-us-west-2.amazonaws.com/allennlp/datasets/glove/glove.6B.100d.txt.gz	False	embedding	bidaf	7632.8	8021	7677	7421	7221					https://s3-us-west-2.amazonaws.com/allennlp/datasets/squad/squad-train-v1.1.json	0	8.637788297805242	0.5	max	2	reduce_on_plateau	20	['0.9100677094111541', '0.9744729169361894']	1.1849558962528865e-05	adam	10	+em	7632.8	25995.0	0.3142273313622302	0.4644573568191418	19	0.4707280440029321	8021	6519	4995	6045					4.543829948063856	0.2799917807280905	0.3450610166782726	0	https://s3-us-west-2.amazonaws.com/allennlp/datasets/squad/squad-dev-v1.1.json	0.4055818353831599	0.4856196783349101	0.5418958488098472	4.260286809456691	0.3269631031220435	0.3943235572374645	bidaf
19	19	19	19	16	0.6156102175969725	0.6244087038789026	0.7189638775415901	3.0865421322218047	0.5006622516556292	0.5826868495742668	10000	utf-8	[260]	[259]	5	characters	True	single_id	squad	bidaf	19	16	[['passage', 'num_tokens'], ['question', 'num_tokens']]	bucket	0.3723180885793131	True	0.29724377149021425	276	2720	3	lstm	2	True	0.12145597415333124	340	265	1	lstm	x,y,x*y	680	680	linear	True	0.1880896955211679	323	4376	1	lstm	0.2672076684878927	28	262	28	[1, 2, 3, 4, 5]	33	cnn	character_encoding	100	https://s3-us-west-2.amazonaws.com/allennlp/datasets/glove/glove.6B.100d.txt.gz	False	embedding	bidaf	7654.711999999998	7893	7103	7109	8085					https://s3-us-west-2.amazonaws.com/allennlp/datasets/squad/squad-train-v1.1.json	0	9.082723998464246	0.5	max	2	reduce_on_plateau	20	['0.9445613116246574', '0.9650376418409798']	4.156762372615701e-05	adam	10	+em	7654.711999999998	35008.0	0.6654984645943447	0.7681594538750443	19	0.810528709400833	6537	6853	7109	7803					1.7435410735051926	0.6053950387561502	0.6920855260904805	0	https://s3-us-west-2.amazonaws.com/allennlp/datasets/squad/squad-dev-v1.1.json	0.6087038789025544	0.6193945127719962	0.7144919153939101	3.3454238490149395	0.4902554399243141	0.5729422894985808	bidaf
20	20	20	20	11	0.6670766319772943	0.6577105014191107	0.7621291340802109	3.1964145493940217	0.5377483443708609	0.6202459791863766	10000	utf-8	[260]	[259]	5	characters	True	single_id	squad	bidaf	19	16	[['passage', 'num_tokens'], ['question', 'num_tokens']]	bucket	0.28144886526682017	True	0.3732629836983983	394	2648	3	lstm	2	True	0.2742201662016027	331	240	2	lstm	x,y,x*y	662	662	linear	True	0.08974214670167774	256	5012	1	lstm	0.4097049500144946	61	262	61	[1, 2, 3, 4, 5]	28	cnn	character_encoding	100	https://s3-us-west-2.amazonaws.com/allennlp/datasets/glove/glove.6B.100d.txt.gz	False	embedding	bidaf	7675.284000000002	8021	7613	7413	6845					https://s3-us-west-2.amazonaws.com/allennlp/datasets/squad/squad-train-v1.1.json	0	7.388082754200026	0.5	max	2	reduce_on_plateau	20	['0.9455234379950715', '0.9086169660484891']	0.0002374790200081127	adam	10	+em	7675.284000000002	41768.0	0.8657404764894576	0.904861927647576	19	0.9390730530770608	7931	7613	7413	6845					0.5938864254794981	0.8312081188141417	0.8986974737154534	0	https://s3-us-west-2.amazonaws.com/allennlp/datasets/squad/squad-dev-v1.1.json	0.6555345316934721	0.6508041627246925	0.7568166977351658	4.648330729775998	0.5275307473982971	0.6128666035950804	bidaf
21	21	21	21	19	0.10170293282876064	0.1663197729422895	0.2029710869965733	6.962508609904464	0.08372753074739829	0.1391674550614948	10000	utf-8	[260]	[259]	5	characters	True	single_id	squad	bidaf	19	16	[['passage', 'num_tokens'], ['question', 'num_tokens']]	bucket	0.25453659681305235	True	0.4677286211619029	388	1016	1	lstm	1	True	0.1411612917702939	127	288	3	lstm	x,y,x*y	254	254	linear	True	0.4126374025170654	425	3344	1	lstm	0.4857099117645404	50	262	50	[1, 2, 3, 4]	47	cnn	character_encoding	100	https://s3-us-west-2.amazonaws.com/allennlp/datasets/glove/glove.6B.100d.txt.gz	False	embedding	bidaf	7654.44	7211	8011	7249	8085					https://s3-us-west-2.amazonaws.com/allennlp/datasets/squad/squad-train-v1.1.json	0	8.78275566048056	0.5	max	2	reduce_on_plateau	20	['0.9304048721552032', '0.94385622655632']	2.49462105648817e-06	adam	10	+em	7654.44	31893.000000000004	0.07889359467573831	0.15308393931437572	19	0.16916720988111633	7211	7103	5553	8085					7.113856169905293	0.07269489377732623	0.1273188050091896	0	https://s3-us-west-2.amazonaws.com/allennlp/datasets/squad/squad-dev-v1.1.json	0.10170293282876064	0.1663197729422895	0.2029710869965733	6.962508609904464	0.08372753074739829	0.1391674550614948	bidaf
22	22	22	22	19	0.41542100283822136	0.496972563859981	0.5545721092874052	4.137624190181899	0.3334910122989593	0.4060548722800377	10000	utf-8	[260]	[259]	5	characters	True	single_id	squad	bidaf	19	16	[['passage', 'num_tokens'], ['question', 'num_tokens']]	bucket	0.00798085673314042	True	0.4526585515435471	326	1600	1	lstm	2	True	0.404417977432728	200	262	1	lstm	x,y,x*y	400	400	linear	True	0.3484086514356132	302	3556	3	lstm	0.4565896220909617	22	262	22	[1, 2, 3]	54	cnn	character_encoding	100	https://s3-us-west-2.amazonaws.com/allennlp/datasets/glove/glove.6B.100d.txt.gz	False	embedding	bidaf	7660.795999999998	7103	7905	7995	8081					https://s3-us-west-2.amazonaws.com/allennlp/datasets/squad/squad-train-v1.1.json	0	7.221824347195238	0.5	max	2	reduce_on_plateau	20	['0.9274851755489423', '0.9163603528371744']	8.233962922716568e-06	adam	10	+em	7660.795999999998	30584.000000000004	0.3839884016940833	0.5311818628066529	19	0.5445210346798559	4977	3855	6877	5557					3.936147166495998	0.3432801744312149	0.41735636251555386	0	https://s3-us-west-2.amazonaws.com/allennlp/datasets/squad/squad-dev-v1.1.json	0.41542100283822136	0.496972563859981	0.5545721092874052	4.137624190181899	0.3334910122989593	0.4060548722800377	bidaf
23	23	23	23	19	0.6081362346263008	0.6167455061494796	0.7124080942052606	2.9742961953339164	0.4931882686849574	0.5772942289498578	10000	utf-8	[260]	[259]	5	characters	True	single_id	squad	bidaf	19	16	[['passage', 'num_tokens'], ['question', 'num_tokens']]	bucket	0.07253635083148374	True	0.040569788565637366	175	1360	3	lstm	3	True	0.4335216964641519	170	253	3	lstm	x,y,x*y	340	340	linear	True	0.35874102125424273	390	2410	1	lstm	0.4473275708524016	51	262	51	[1, 2, 3]	51	cnn	character_encoding	100	https://s3-us-west-2.amazonaws.com/allennlp/datasets/glove/glove.6B.100d.txt.gz	False	embedding	bidaf	7638.844	7221	7677	7873	7777					https://s3-us-west-2.amazonaws.com/allennlp/datasets/squad/squad-train-v1.1.json	0	7.788029543350525	0.5	max	2	reduce_on_plateau	20	['0.9911748920548304', '0.9806879060934433']	4.575920628689773e-05	adam	10	+em	7638.844	33700.0	0.5875295380084248	0.6893571844427447	19	0.7243614431005241	7221	7677	6035	4925					2.4206451529781567	0.5326773136679642	0.6084772657222114	0	https://s3-us-west-2.amazonaws.com/allennlp/datasets/squad/squad-dev-v1.1.json	0.6081362346263008	0.6167455061494796	0.7124080942052606	2.9742961953339164	0.4931882686849574	0.5772942289498578	bidaf
24	24	24	24	4	0.010406811731315043	0.007284768211920529	0.0258155171714942	9.764902231011556	0.007284768211920529	0.021475875118259224	10000	utf-8	[260]	[259]	5	characters	True	single_id	squad	bidaf	13	16	[['passage', 'num_tokens'], ['question', 'num_tokens']]	bucket	0.2369059462086512	True	0.1215615853002282	259	1256	3	lstm	1	True	0.37116525311162	157	277	1	lstm	x,y,x*y	314	314	linear	True	0.2832697249514504	376	2810	1	lstm	0.20166930248700388	35	262	35	[1, 2, 3]	59	cnn	character_encoding	100	https://s3-us-west-2.amazonaws.com/allennlp/datasets/glove/glove.6B.100d.txt.gz	False	embedding	bidaf	7650.936	8021	6519	7421	6949					https://s3-us-west-2.amazonaws.com/allennlp/datasets/squad/squad-train-v1.1.json	0	6.408352165731549	0.5	max	2	reduce_on_plateau	20	['0.9301971447346395', '0.9574264182249307']	0.07012419995987051	adam	10	+em	7650.936	20545.0	0.0007648489138003859	0.008595988538681949	13	0.06414733324618821	8021	6519	6043	6767					10.108130049945007	0.0003082226966061256	0.008447585018093812	0	https://s3-us-west-2.amazonaws.com/allennlp/datasets/squad/squad-dev-v1.1.json	0.0	0.00510879848628193	0.09277176522868254	9.763987311076107	0.0	0.021475875118259224	bidaf
25	25	25	25	0	0.061021759697256386	0.11769157994323558	0.139986076114269	15.153669795903426	0.04947965941343425	0.09441816461684012	10000	utf-8	[260]	[259]	5	characters	True	single_id	squad	bidaf	9	16	[['passage', 'num_tokens'], ['question', 'num_tokens']]	bucket	0.3182244951551509	True	0.2196868038539737	360	592	2	lstm	3	True	0.1580425188098672	74	276	1	lstm	x,y,x*y	148	148	linear	True	0.4525131051769703	97	2752	3	lstm	0.3251293281310999	19	262	19	[1, 2, 3, 4]	44	cnn	character_encoding	100	https://s3-us-west-2.amazonaws.com/allennlp/datasets/glove/glove.6B.100d.txt.gz	False	embedding	bidaf	7647.604	4977	7649	7873	7923					https://s3-us-west-2.amazonaws.com/allennlp/datasets/squad/squad-train-v1.1.json	0	6.1977086856591725	0.5	max	2	reduce_on_plateau	20	['0.9884091591306667', '0.951512982194566']	0.0054042999773990155	adam	10	+em	7647.604	14864.000000000002	0.0009018367789586641	0.008093699699768262	9	0.06158190158648162	4935	7649	7873	7085					154.29665257527947	0.0002968070411762692	0.009566319250219751	0	https://s3-us-west-2.amazonaws.com/allennlp/datasets/squad/squad-dev-v1.1.json	0.0007568590350047304	0.02762535477767266	0.06704543506591265	45.57835530441215	0.0	0.02090823084200568	bidaf
26	26	26	26	3	0.010406811731315043	0.007284768211920529	0.0258155171714942	9.761371688294519	0.007284768211920529	0.021475875118259224	10000	utf-8	[260]	[259]	5	characters	True	single_id	squad	bidaf	12	16	[['passage', 'num_tokens'], ['question', 'num_tokens']]	bucket	0.0053338378792784896	True	0.2931460543998831	191	2328	2	lstm	2	True	0.22928415536569785	291	192	3	lstm	x,y,x*y	582	582	linear	True	0.3243661146283857	291	3474	2	lstm	0.4712678152116656	20	262	20	[1, 2, 3, 4]	23	cnn	character_encoding	100	https://s3-us-west-2.amazonaws.com/allennlp/datasets/glove/glove.6B.100d.txt.gz	False	embedding	bidaf	7646.52	6537	6853	7109	7803					https://s3-us-west-2.amazonaws.com/allennlp/datasets/squad/squad-train-v1.1.json	0	7.1861245464350905	0.5	max	2	reduce_on_plateau	20	['0.9316329058817865', '0.9897678763042357']	0.014926851956916828	adam	10	+em	7646.52	24648.0	0.00022831310859713008	0.025776549960615992	12	0.06309507974656603	6537	6853	7109	7803					9.72898038010619	0.00011415655429856504	0.02437242434274364	0	https://s3-us-west-2.amazonaws.com/allennlp/datasets/squad/squad-dev-v1.1.json	0.0	0.03415326395458846	0.06585637851093064	9.736481127688457	0.0	0.021475875118259224	bidaf
27	27	27	27	8	0.01693472090823084	0.004541154210028382	0.05627836410464808	9.781451698510985	0.0007568590350047304	0.011258278145695364	10000	utf-8	[260]	[259]	5	characters	True	single_id	squad	bidaf	17	16	[['passage', 'num_tokens'], ['question', 'num_tokens']]	bucket	0.15833335390572326	True	0.2485424997245238	409	736	1	lstm	2	True	0.27382142808185034	92	230	3	lstm	x,y,x*y	184	184	linear	True	0.4696433325558094	288	3190	2	lstm	0.2370173391018228	35	262	35	[1, 2, 3, 4, 5]	26	cnn	character_encoding	100	https://s3-us-west-2.amazonaws.com/allennlp/datasets/glove/glove.6B.100d.txt.gz	False	embedding	bidaf	7640.6	7669	5359	8063	8055					https://s3-us-west-2.amazonaws.com/allennlp/datasets/squad/squad-train-v1.1.json	0	8.033068932839099	0.5	max	2	reduce_on_plateau	20	['0.9759914159967693', '0.9820094368245968']	0.05456663910862766	adam	10	+em	7640.6	29497.000000000004	0.0004680418726241167	0.008538910261532666	17	0.06699381398205012	7669	5359	7213	6187					9.8410027737378	0.00025114441945684314	0.01786550074772543	0	https://s3-us-west-2.amazonaws.com/allennlp/datasets/squad/squad-dev-v1.1.json	0.013434247871333965	0.004541154210028382	0.040349527833242464	9.777972153564084	0.0002838221381267739	0.008325449385052034	bidaf
28	28	28	28	12	0.010406811731315043	0.007284768211920529	0.025940132371871063	346.46737350458085	0.007284768211920529	0.021475875118259224	10000	utf-8	[260]	[259]	5	characters	True	single_id	squad	bidaf	19	16	[['passage', 'num_tokens'], ['question', 'num_tokens']]	bucket	0.09491238772058792	True	0.05531576683283178	397	2496	2	lstm	2	True	0.4066434088065817	312	300	1	lstm	x,y,x*y	624	624	linear	True	0.4454340176859151	195	4878	3	lstm	0.07737427553665137	54	262	54	[1, 2, 3, 4]	50	cnn	character_encoding	100	https://s3-us-west-2.amazonaws.com/allennlp/datasets/glove/glove.6B.100d.txt.gz	False	embedding	bidaf	7657.512	7931	7615	7713	8055					https://s3-us-west-2.amazonaws.com/allennlp/datasets/squad/squad-train-v1.1.json	0	6.536605842058594	0.5	max	2	reduce_on_plateau	20	['0.9925670411204267', '0.9586110929208103']	0.07904951337023952	adam	10	+em	7657.512	36777.0	0.0006164453932122512	0.009794632358816882	19	0.0658682133116002	10	5359	7215	6187					44.295753012879246	0.0003082226966061256	0.012968184568316991	0	https://s3-us-west-2.amazonaws.com/allennlp/datasets/squad/squad-dev-v1.1.json	0.0010406811731315043	0.017218543046357615	0.08655724337197941	344.6137908064112	0.0002838221381267739	0.021475875118259224	bidaf
29	29	29	29	11	0.012771996215704823	0.014285714285714284	0.045963460158387634	9.765544542927243	0.00510879848628193	0.02071901608325449	10000	utf-8	[260]	[259]	5	characters	True	single_id	squad	bidaf	19	16	[['passage', 'num_tokens'], ['question', 'num_tokens']]	bucket	0.07399433318170423	True	0.2706429411076105	123	1744	1	lstm	1	True	0.12867810313328004	218	240	3	lstm	x,y,x*y	436	436	linear	True	0.22429925578225327	234	2482	3	lstm	0.1790695966485647	32	262	32	[1, 2, 3, 4]	35	cnn	character_encoding	100	https://s3-us-west-2.amazonaws.com/allennlp/datasets/glove/glove.6B.100d.txt.gz	False	embedding	bidaf	7656.651999999999	7023	8043	7235	7562					https://s3-us-west-2.amazonaws.com/allennlp/datasets/squad/squad-train-v1.1.json	0	9.341436923491587	0.5	max	2	reduce_on_plateau	20	['0.934534186133616', '0.9350351491936995']	0.01624397499546006	adam	10	+em	7656.651999999999	33969.0	0.0009018367789586641	0.029292571833011788	19	0.05979232978242061	6377	8011	7235	4969					9.765731262050265	0.00047945752805397324	0.02229477505450976	0	https://s3-us-west-2.amazonaws.com/allennlp/datasets/squad/squad-dev-v1.1.json	0.0	0.03415326395458846	0.065894812964891	9.704271905180548	0.0	0.02119205298013245	bidaf
30	30	30	30	5	0.012677388836329236	0.01381267738883633	0.04565129987115606	9.742240962029946	0.005203405865657522	0.021475875118259224	10000	utf-8	[260]	[259]	5	characters	True	single_id	squad	bidaf	14	16	[['passage', 'num_tokens'], ['question', 'num_tokens']]	bucket	0.4031742046418239	True	0.10161035500688886	317	1128	3	lstm	3	True	0.4741023019625569	141	390	3	lstm	x,y,x*y	282	282	linear	True	0.4341183642816729	232	3030	3	lstm	0.1100496918614981	16	262	16	[1, 2, 3, 4, 5]	58	cnn	character_encoding	100	https://s3-us-west-2.amazonaws.com/allennlp/datasets/glove/glove.6B.100d.txt.gz	False	embedding	bidaf	7639.1640000000025	7931	7615	7713	8051					https://s3-us-west-2.amazonaws.com/allennlp/datasets/squad/squad-train-v1.1.json	0	5.434135037141561	0.5	max	2	reduce_on_plateau	20	['0.9759599156305434', '0.9514159739533494']	0.008749673986974205	adam	10	+em	7639.1640000000025	31356.000000000004	0.0013927099624424935	0.010365415130309709	14	0.06670947849322909	4983	7615	7713	6073					9.857348625322457	0.0006050297377823947	0.014965924268541878	0	https://s3-us-west-2.amazonaws.com/allennlp/datasets/squad/squad-dev-v1.1.json	0.012677388836329236	0.01532639545884579	0.04661306666644433	9.734366002854713	0.005203405865657522	0.021475875118259224	bidaf
31	31	31	31	16	0.6312204351939451	0.6366130558183538	0.7314066703895701	2.738404230523217	0.5143803216650898	0.6024597918637654	10000	utf-8	[260]	[259]	5	characters	True	single_id	squad	bidaf	19	16	[['passage', 'num_tokens'], ['question', 'num_tokens']]	bucket	0.4302346128807552	True	0.04566343882948365	325	1232	1	lstm	3	True	0.32505443359342473	154	176	2	lstm	x,y,x*y	308	308	linear	True	0.4173362800325931	206	3182	2	lstm	0.3108359843753102	45	262	45	[1, 2, 3, 4]	19	cnn	character_encoding	100	https://s3-us-west-2.amazonaws.com/allennlp/datasets/glove/glove.6B.100d.txt.gz	False	embedding	bidaf	7651.084	7103	7905	7995	8079					https://s3-us-west-2.amazonaws.com/allennlp/datasets/squad/squad-train-v1.1.json	0	5.939388976194098	0.5	max	2	reduce_on_plateau	20	['0.9330640548180232', '0.9861626034236317']	0.0011013590903964328	adam	10	+em	7651.084	28174.0	0.4525622438612313	0.5273347869267914	19	0.610275080942806	695	3855	6877	5251					3.467767217279025	0.4047763102318521	0.542083813742166	0	https://s3-us-west-2.amazonaws.com/allennlp/datasets/squad/squad-dev-v1.1.json	0.5658467360454116	0.5727530747398297	0.6794777183526212	3.2081808448739566	0.4484389782403028	0.5570482497634816	bidaf
32	32	32	32	19	0.4651844843897824	0.5236518448438978	0.5948237513033879	3.814247137659797	0.3778618732261117	0.4539262062440871	10000	utf-8	[260]	[259]	5	characters	True	single_id	squad	bidaf	19	16	[['passage', 'num_tokens'], ['question', 'num_tokens']]	bucket	0.05379297090891005	True	0.09980796043671863	84	3168	2	lstm	2	True	0.2642780141341303	396	238	1	lstm	x,y,x*y	792	792	linear	True	0.21807264410896945	195	3672	1	lstm	0.0556896028135897	56	262	56	[1, 2, 3]	46	cnn	character_encoding	100	https://s3-us-west-2.amazonaws.com/allennlp/datasets/glove/glove.6B.100d.txt.gz	False	embedding	bidaf	7654.608	7235	7835	7835	7607					https://s3-us-west-2.amazonaws.com/allennlp/datasets/squad/squad-train-v1.1.json	0	8.330137026754588	0.5	max	2	reduce_on_plateau	20	['0.9515038284534258', '0.9557231513758386']	1.0936473632581124e-05	adam	10	+em	7654.608	25986.0	0.4206669025902122	0.5506569709699882	19	0.5801371454277784	7235	7835	7835	5183					3.6541083007098334	0.3768079544287035	0.4593431431865661	0	https://s3-us-west-2.amazonaws.com/allennlp/datasets/squad/squad-dev-v1.1.json	0.4651844843897824	0.5236518448438978	0.5948237513033879	3.814247137659797	0.3778618732261117	0.4539262062440871	bidaf
33	33	0	0	19	0.24976348155156106	0.3557237464522233	0.38719913471096595	5.445039023790345	0.20596026490066224	0.25799432355723745	10000	utf-8	[260]	[259]	5	characters	True	single_id	squad	bidaf	19	16	[['passage', 'num_tokens'], ['question', 'num_tokens']]	bucket	0.1385357516416974	True	0.11556620893944515	70	696	3	lstm	1	True	0.05386971621914033	87	240	2	lstm	x,y,x*y	174	174	linear	True	0.3871792214321421	349	1116	2	lstm	0.3737043523792362	49	262	49	[1, 2, 3, 4, 5]	28	cnn	character_encoding	100	https://s3-us-west-2.amazonaws.com/allennlp/datasets/glove/glove.6B.100d.txt.gz	False	embedding	bidaf	7650.592	6739	7137	6877	7419	7197.0	7817.0	7053.0	7479.0	https://s3-us-west-2.amazonaws.com/allennlp/datasets/squad/squad-train-v1.1.json	0	6.722133033367133	0.5	max	2	reduce_on_plateau	20	['0.9792602021704603', '0.9680552890903873']	7.094564771474958e-06	adam	10	+em	7650.592	32253.000000000004	0.1999908674756561	0.3345015354056553	19	0.3407381078928953	6061	2811	6877	6765	6715.0	7065.0	6933.0	6343.0	5.5673178070538665	0.1817486500987454	0.2432447858993824	0	https://s3-us-west-2.amazonaws.com/allennlp/datasets/squad/squad-dev-v1.1.json	0.24976348155156106	0.3557237464522233	0.38719913471096595	5.445039023790345	0.20596026490066224	0.25799432355723745	bidaf
34	34	1	1	19	0.3158940397350993	0.3994323557237465	0.4475354766933248	4.861638254188733	0.2582781456953642	0.32857142857142857	10000	utf-8	[260]	[259]	5	characters	True	single_id	squad	bidaf	19	16	[['passage', 'num_tokens'], ['question', 'num_tokens']]	bucket	0.4504601949136188	True	0.027270587385769485	136	816	3	lstm	1	True	0.3918632817990443	102	292	2	lstm	x,y,x*y	204	204	linear	True	0.4729456787177034	506	1632	2	lstm	0.4152784921079419	49	262	49	[1, 2, 3, 4]	48	cnn	character_encoding	100	https://s3-us-west-2.amazonaws.com/allennlp/datasets/glove/glove.6B.100d.txt.gz	False	embedding	bidaf	7651.488	7489	8049	7853	5627	7647.0	7559.0	8005.0	8083.0	https://s3-us-west-2.amazonaws.com/allennlp/datasets/squad/squad-train-v1.1.json	0	7.278344764413978	0.5	max	2	reduce_on_plateau	20	['0.9627492367778274', '0.9670069647195381']	1.2570183442531866e-05	adam	10	+em	7651.488	36794.0	0.2458133083711001	0.3729038002716926	19	0.3889331075482291	7331	6643	7853	5627	6607.0	5913.0	6979.0	4407.0	5.144308270624238	0.22071028208084567	0.28717222799347025	0	https://s3-us-west-2.amazonaws.com/allennlp/datasets/squad/squad-dev-v1.1.json	0.3158940397350993	0.3994323557237465	0.4475354766933248	4.861638254188733	0.2582781456953642	0.32857142857142857	bidaf
35	35	2	2	19	0.07256385998107852	0.12015137180700095	0.15651100543846708	7.398745700559169	0.059413434247871336	0.10577105014191107	10000	utf-8	[260]	[259]	5	characters	True	single_id	squad	bidaf	19	16	[['passage', 'num_tokens'], ['question', 'num_tokens']]	bucket	0.07989348570008026	True	0.0989641133339258	224	2216	2	lstm	1	True	0.35534301158477605	277	280	3	lstm	x,y,x*y	554	554	linear	True	0.2387034087330317	340	3560	1	lstm	0.25943314297561715	57	262	57	[1, 2, 3, 4, 5]	36	cnn	character_encoding	100	https://s3-us-west-2.amazonaws.com/allennlp/datasets/glove/glove.6B.100d.txt.gz	False	embedding	bidaf	7647.456	8041	7609	7985	7569	0.0	0.0	0.0	0.0	https://s3-us-west-2.amazonaws.com/allennlp/datasets/squad/squad-train-v1.1.json	0	9.34761887977325	0.5	max	2	reduce_on_plateau	20	['0.920058060588871', '0.933123811138009']	1.4142491195829608e-06	adam	10	+em	7647.456	36816.0	0.05880204111919087	0.11868856950421808	19	0.13549539814262992	6799	7609	7985	7569	0.0	0.0	0.0	0.0	7.442764043503156	0.054155869359239266	0.10403086793228232	0	https://s3-us-west-2.amazonaws.com/allennlp/datasets/squad/squad-dev-v1.1.json	0.07256385998107852	0.12015137180700095	0.15651100543846708	7.398745700559169	0.059413434247871336	0.10577105014191107	bidaf
36	36	3	3	6	0.6570482497634815	0.6580889309366129	0.7606732258881125	2.6645612849229763	0.5246925260170293	0.6135288552507095	10000	utf-8	[260]	[259]	5	characters	True	single_id	squad	bidaf	15	16	[['passage', 'num_tokens'], ['question', 'num_tokens']]	bucket	0.2055527805451564	True	0.06807230872346083	335	1960	1	lstm	2	True	0.01387997630452792	245	184	1	lstm	x,y,x*y	490	490	linear	True	0.41256187394020544	191	3970	3	lstm	0.4638497576417129	61	262	61	[1, 2, 3]	28	cnn	character_encoding	100	https://s3-us-west-2.amazonaws.com/allennlp/datasets/glove/glove.6B.100d.txt.gz	False	embedding	bidaf	7652.024	7963	7757	6779	7119	7189.0	7225.0	7621.0	6929.0	https://s3-us-west-2.amazonaws.com/allennlp/datasets/squad/squad-train-v1.1.json	0	5.041098150983308	0.5	max	2	reduce_on_plateau	20	['0.9824735570451446', '0.9544006512182627']	0.0005317866569619443	adam	10	+em	7652.024	22985.0	0.8883663055514333	0.9211406522905512	15	0.9475651485503892	6643	7137	6779	7119	7189.0	4721.0	7053.0	6929.0	0.4881842594233142	0.8582518065274718	0.9146451443509628	0	https://s3-us-west-2.amazonaws.com/allennlp/datasets/squad/squad-dev-v1.1.json	0.6350047303689688	0.6368968779564806	0.7415333540035421	4.521140339334867	0.5080416272469253	0.5923368022705771	bidaf
37	37	4	4	19	0.12781456953642384	0.2033112582781457	0.2499041077113653	6.509173915534085	0.1022705771050142	0.17105014191106907	10000	utf-8	[260]	[259]	5	characters	True	single_id	squad	bidaf	19	16	[['passage', 'num_tokens'], ['question', 'num_tokens']]	bucket	0.4599884880655921	True	0.07621735945237372	416	992	2	lstm	3	True	0.4729880353477601	124	330	1	lstm	x,y,x*y	248	248	linear	True	0.3285002837948474	229	3488	1	lstm	0.10169862966766836	54	262	54	[1, 2, 3, 4, 5]	46	cnn	character_encoding	100	https://s3-us-west-2.amazonaws.com/allennlp/datasets/glove/glove.6B.100d.txt.gz	False	embedding	bidaf	7655.42	6891	7719	6521	7107	8089.0	7739.0	7873.0	8103.0	https://s3-us-west-2.amazonaws.com/allennlp/datasets/squad/squad-train-v1.1.json	0	5.550656837225215	0.5	max	2	reduce_on_plateau	20	['0.9115435747625115', '0.9359832700316535']	1.8386227539824105e-06	adam	10	+em	7655.42	29132.0	0.09710156508635943	0.17793582118517334	19	0.203882811629358	5785	5957	6521	5811	7423.0	5769.0	7873.0	5299.0	6.757174484566464	0.08845991392595806	0.15781002066233632	0	https://s3-us-west-2.amazonaws.com/allennlp/datasets/squad/squad-dev-v1.1.json	0.12781456953642384	0.2033112582781457	0.2499041077113653	6.509173915534085	0.1022705771050142	0.17105014191106907	bidaf
38	38	5	5	7	0.010406811731315043	0.007284768211920529	0.0258155171714942	9.762911531099213	0.007284768211920529	0.021475875118259224	10000	utf-8	[260]	[259]	5	characters	True	single_id	squad	bidaf	16	16	[['passage', 'num_tokens'], ['question', 'num_tokens']]	bucket	0.20532856481109285	True	0.06995589572689409	483	1264	3	lstm	3	True	0.04817576186059425	158	228	2	lstm	x,y,x*y	316	316	linear	True	0.07760125333467882	248	4162	1	lstm	0.4760551571451126	63	262	63	[1, 2, 3, 4]	32	cnn	character_encoding	100	https://s3-us-west-2.amazonaws.com/allennlp/datasets/glove/glove.6B.100d.txt.gz	False	embedding	bidaf	7666.904	7873	8089	7181	8049	8041.0	7543.0	7787.0	8103.0	https://s3-us-west-2.amazonaws.com/allennlp/datasets/squad/squad-train-v1.1.json	0	7.4144123557237505	0.5	max	2	reduce_on_plateau	20	['0.977041257702728', '0.9371492120302296']	0.05970411207799418	adam	10	+em	7666.416	34400.0	0.0005137044943435427	0.00845900067352367	16	0.06446985755945657	6647	7757	5761	3257	4771.0	7205.0	7621.0	6535.0	10.043623862767328	0.00022831310859713008	0.01156405895044464	0	https://s3-us-west-2.amazonaws.com/allennlp/datasets/squad/squad-dev-v1.1.json	0.0	0.004541154210028382	0.06586500372331708	9.76562580074016	0.0	0.021475875118259224	bidaf
39	39	6	6	19	0.5367076631977294	0.5760643330179754	0.6584502769379407	3.4407013212859	0.4270577105014191	0.5104068117313151	10000	utf-8	[260]	[259]	5	characters	True	single_id	squad	bidaf	19	16	[['passage', 'num_tokens'], ['question', 'num_tokens']]	bucket	0.113904397588467	True	0.3986501660417253	176	2424	3	lstm	2	True	0.3741387903612722	303	405	2	lstm	x,y,x*y	606	606	linear	True	0.3113049311399905	492	3480	3	lstm	0.3342394363553905	59	262	59	[1, 2, 3, 4, 5]	61	cnn	character_encoding	100	https://s3-us-west-2.amazonaws.com/allennlp/datasets/glove/glove.6B.100d.txt.gz	False	embedding	bidaf	7723.56	7963	7757	6877	7419	7197.0	7225.0	7621.0	7413.0	https://s3-us-west-2.amazonaws.com/allennlp/datasets/squad/squad-train-v1.1.json	0	7.85383415375988	0.5	max	2	reduce_on_plateau	20	['0.9254256158932871', '0.9686386882785395']	1.6398796380153166e-05	adam	10	+em	7723.56	50439.0	0.5080194979394742	0.6490485051199215	19	0.6676813645915555	6061	7569	6877	6765	679.0	677.0	679.0	679.0	2.900799685199511	0.45584995262503003	0.5270265642301852	0	https://s3-us-west-2.amazonaws.com/allennlp/datasets/squad/squad-dev-v1.1.json	0.5367076631977294	0.5760643330179754	0.6584502769379407	3.4407013212859	0.4270577105014191	0.5104068117313151	bidaf
40	40	7	7	2	0.01475875118259224	0.0042573320719016105	0.046412488537594256	54544.880250685506	0.0006622516556291393	0.009366130558183538	10000	utf-8	[260]	[259]	5	characters	True	single_id	squad	bidaf	11	16	[['passage', 'num_tokens'], ['question', 'num_tokens']]	bucket	0.2834951267799346	True	0.15533008700293416	458	2544	1	lstm	3	True	0.07622338318349031	318	204	1	lstm	x,y,x*y	636	636	linear	True	0.2406570813056608	217	5292	3	lstm	0.007538156773225445	46	262	46	[1, 2, 3, 4]	26	cnn	character_encoding	100	https://s3-us-west-2.amazonaws.com/allennlp/datasets/glove/glove.6B.100d.txt.gz	False	embedding	bidaf	7645.295999999998	7331	8007	7853	6077	7973.0	7559.0	7049.0	7923.0	https://s3-us-west-2.amazonaws.com/allennlp/datasets/squad/squad-train-v1.1.json	0	6.021122755898447	0.5	max	2	reduce_on_plateau	20	['0.9987122613134971', '0.9223539160343803']	0.0007343497969559699	adam	10	+em	7644.448	20438.0	0.0007077706366511032	0.008904211235288074	11	0.060434403058512325	7331	6647	4943	6077	7973.0	3475.0	7049.0	2321.0	242138.73871575342	0.00025114441945684314	0.008264934531216109	0	https://s3-us-west-2.amazonaws.com/allennlp/datasets/squad/squad-dev-v1.1.json	0.0020813623462630085	0.0042573320719016105	0.06119608799991207	11770.621631524204	0.0003784295175023652	0.020624408703878903	bidaf
41	41	8	8	9	0.6182592242194891	0.6256385998107853	0.7223995323706718	2.8919639605437033	0.5024597918637653	0.5879848628193001	10000	utf-8	[260]	[259]	5	characters	True	single_id	squad	bidaf	18	16	[['passage', 'num_tokens'], ['question', 'num_tokens']]	bucket	0.053306201809328664	True	0.29951560173872777	216	1768	3	lstm	1	True	0.2276141780905531	221	244	2	lstm	x,y,x*y	442	442	linear	True	0.2930438089802322	365	3064	2	lstm	0.12963612202668126	16	262	16	[1, 2, 3, 4]	36	cnn	character_encoding	100	https://s3-us-west-2.amazonaws.com/allennlp/datasets/glove/glove.6B.100d.txt.gz	False	embedding	bidaf	7654.868	7797	7569	7225	7419	7197.0	7065.0	6933.0	6343.0	https://s3-us-west-2.amazonaws.com/allennlp/datasets/squad/squad-train-v1.1.json	0	9.512510379659988	0.5	max	2	reduce_on_plateau	20	['0.9813978415599726', '0.9915275435491366']	7.369474642849211e-05	adam	10	+em	7654.868	36080.0	0.8359342001621023	0.9505473806778616	18	0.9276072310758979	5895	3033	4797	6765	0.0	0.0	0.0	0.0	0.7494109678635859	0.7840728775442642	0.7990844644345255	0	https://s3-us-west-2.amazonaws.com/allennlp/datasets/squad/squad-dev-v1.1.json	0.6018921475875119	0.6064333017975402	0.7135088803359687	5.185285117009403	0.4770104068117313	0.5757805108798486	bidaf
42	42	9	9	14	0.6606433301797541	0.6552507095553454	0.7584369878222373	2.7815898183434524	0.5311258278145695	0.6186376537369915	10000	utf-8	[260]	[259]	5	characters	True	single_id	squad	bidaf	19	16	[['passage', 'num_tokens'], ['question', 'num_tokens']]	bucket	0.11028397023617698	True	0.4889419999317596	95	648	3	lstm	2	True	0.2938050029523015	81	192	2	lstm	x,y,x*y	162	162	linear	True	0.4445808365423759	200	1218	1	lstm	0.4596298279020681	58	262	58	[1, 2, 3, 4]	23	cnn	character_encoding	100	https://s3-us-west-2.amazonaws.com/allennlp/datasets/glove/glove.6B.100d.txt.gz	False	embedding	bidaf	7628.312	6801	7719	7619	5811	7947.0	7739.0	7787.0	8103.0	https://s3-us-west-2.amazonaws.com/allennlp/datasets/squad/squad-train-v1.1.json	0	5.193866100650623	0.5	max	2	reduce_on_plateau	20	['0.9096563903074262', '0.9875940139483712']	0.0006880580480220429	adam	10	+em	7628.312	25873.0	0.7374970033904497	0.8345871528213792	19	0.8564004141425009	6801	5221	7179	5811	6283.0	6851.0	5163.0	4063.0	1.3400512423934456	0.678363908263793	0.7402253450381854	0	https://s3-us-west-2.amazonaws.com/allennlp/datasets/squad/squad-dev-v1.1.json	0.6567644276253548	0.6501419110690634	0.7604973835687806	3.0609137783793567	0.5264900662251656	0.6203405865657521	bidaf
43	43	10	10	6	0.011920529801324504	0.005487228003784295	0.03573773112800852	22.534452389300146	0.007284768211920529	0.010690633869441815	10000	utf-8	[260]	[259]	5	characters	True	single_id	squad	bidaf	15	16	[['passage', 'num_tokens'], ['question', 'num_tokens']]	bucket	0.3809305815639506	True	0.2258144885197931	154	824	2	lstm	2	True	0.18016161852145465	103	290	3	lstm	x,y,x*y	206	206	linear	True	0.07883115479939372	293	1748	2	lstm	0.009951756212760177	53	262	53	[1, 2, 3, 4, 5]	38	cnn	character_encoding	100	https://s3-us-west-2.amazonaws.com/allennlp/datasets/glove/glove.6B.100d.txt.gz	False	embedding	bidaf	7669.348000000001	7489	8049	7939	7571	7215.0	7361.0	6805.0	8083.0	https://s3-us-west-2.amazonaws.com/allennlp/datasets/squad/squad-train-v1.1.json	0	8.976716056892197	0.5	max	2	reduce_on_plateau	20	['0.9759088167823664', '0.9046594345502769']	0.023669049896078702	adam	10	+em	7669.34	26967.0	0.0007762645692302424	0.008470416328953527	15	0.06435526039745455	7489	8049	5335	4255	2787.0	4833.0	5307.0	8083.0	12.399841590863929	0.0003082226966061256	0.0086873137821208	0	https://s3-us-west-2.amazonaws.com/allennlp/datasets/squad/squad-dev-v1.1.json	0.0005676442762535478	0.004635761589403974	0.06364399812076836	9.993098743023204	0.0003784295175023652	0.01863765373699149	bidaf
44	44	11	11	1	0.006622516556291391	0.014947965941343426	0.07423411135610636	54783.76250768249	0.002838221381267739	0.021570482497634817	10000	utf-8	[260]	[259]	5	characters	True	single_id	squad	bidaf	10	16	[['passage', 'num_tokens'], ['question', 'num_tokens']]	bucket	0.4722763585553104	True	0.2266073513386587	348	2560	3	lstm	1	True	0.12740745247105606	320	196	1	lstm	x,y,x*y	640	640	linear	True	0.15278684833781253	257	4648	3	lstm	0.1299024776476238	57	262	57	[1, 2, 3, 4]	24	cnn	character_encoding	100	https://s3-us-west-2.amazonaws.com/allennlp/datasets/glove/glove.6B.100d.txt.gz	False	embedding	bidaf	7657.108	7797	7827	6979	6961	0.0	0.0	0.0	0.0	https://s3-us-west-2.amazonaws.com/allennlp/datasets/squad/squad-train-v1.1.json	0	9.93325091393302	0.5	max	2	reduce_on_plateau	20	['0.9970626371939527', '0.9627801526745966']	0.0017974696575330585	adam	10	+em	7657.108	22766.0	0.0009817463669676595	0.008778639025559653	10	0.06115971477324372	6501	6723	6979	6135	0.0	0.0	0.0	0.0	55519.744785958894	0.0003881322846151212	0.00905261475587621	0	https://s3-us-west-2.amazonaws.com/allennlp/datasets/squad/squad-dev-v1.1.json	0.0015137180700094607	0.0130558183538316	0.06720718361839115	14656.807620142305	0.0008514664143803218	0.011636707663197729	bidaf
45	45	12	12	0	0.007852412488174077	0.004068117313150426	0.05156397872078156	250202.8529320513	0.003973509933774834	0.021475875118259224	10000	utf-8	[260]	[259]	5	characters	True	single_id	squad	bidaf	9	16	[['passage', 'num_tokens'], ['question', 'num_tokens']]	bucket	0.1856801825294882	True	0.09521878103925864	478	880	1	lstm	3	True	0.2579933522658716	110	415	1	lstm	x,y,x*y	220	220	linear	True	0.32701742835568204	128	3748	1	lstm	0.1820393773645701	37	262	37	[1, 2, 3, 4, 5]	63	cnn	character_encoding	100	https://s3-us-west-2.amazonaws.com/allennlp/datasets/glove/glove.6B.100d.txt.gz	False	embedding	bidaf	7636.691999999999	7901	8115	7939	7107	8089.0	8081.0	7975.0	7977.0	https://s3-us-west-2.amazonaws.com/allennlp/datasets/squad/squad-train-v1.1.json	0	8.291048727229397	0.5	max	2	reduce_on_plateau	20	['0.9996378362820325', '0.968978232182423']	0.0016799428391884926	adam	10	+em	7636.691999999999	12329.0	0.0006392767040719643	0.008550325916962524	9	0.06344891519872599	5649	3597	6521	7107	4661.0	7735.0	5981.0	4677.0	1080629.6935730593	0.00025114441945684314	0.008253518875786254	0	https://s3-us-west-2.amazonaws.com/allennlp/datasets/squad/squad-dev-v1.1.json	0.0003784295175023652	0.010312204351939452	0.0006897802690263977	57282.46145754539	0.0002838221381267739	0.0002838221381267739	bidaf
46	46	13	13	18	0.6346263008514664	0.6498580889309367	0.7411462315470269	2.7406046141654747	0.5118259224219489	0.5992431409649953	10000	utf-8	[260]	[259]	5	characters	True	single_id	squad	bidaf	19	16	[['passage', 'num_tokens'], ['question', 'num_tokens']]	bucket	0.21714633314034176	True	0.21734196450586	107	1144	3	lstm	1	True	0.4695165528260551	143	390	1	lstm	x,y,x*y	286	286	linear	True	0.14028764794894394	128	1786	1	lstm	0.474004303739816	38	262	38	[1, 2, 3, 4, 5]	58	cnn	character_encoding	100	https://s3-us-west-2.amazonaws.com/allennlp/datasets/glove/glove.6B.100d.txt.gz	False	embedding	bidaf	7628.896	6891	4551	7939	7107	8089.0	7739.0	6653.0	8005.0	https://s3-us-west-2.amazonaws.com/allennlp/datasets/squad/squad-train-v1.1.json	0	8.42740131782773	0.5	max	2	reduce_on_plateau	20	['0.9876467407221152', '0.9091237375618993']	4.219744012553757e-05	adam	10	+em	7628.896	25574.0	0.5859427619036747	0.6918686286373132	19	0.7373699639419755	5299	4551	6521	5811	6419.0	6035.0	6069.0	8005.0	2.3841562930089704	0.5284421055034875	0.6172444890923412	0	https://s3-us-west-2.amazonaws.com/allennlp/datasets/squad/squad-dev-v1.1.json	0.6297067171239357	0.6421002838221381	0.7393732674485366	2.783278046685881	0.5066225165562914	0.599526963103122	bidaf
47	47	14	14	8	0.6478713339640492	0.6517502365184484	0.7489107657004332	2.6462546779961515	0.5228949858088929	0.6077578051087985	10000	utf-8	[260]	[259]	5	characters	True	single_id	squad	bidaf	17	16	[['passage', 'num_tokens'], ['question', 'num_tokens']]	bucket	0.4300861342091379	True	0.399169527570257	451	1560	2	lstm	1	True	0.08158070158436548	195	151	2	lstm	x,y,x*y	390	390	linear	True	0.004388786818866397	258	4266	3	lstm	0.3023559072293249	50	262	50	[1, 2, 3]	17	cnn	character_encoding	100	https://s3-us-west-2.amazonaws.com/allennlp/datasets/glove/glove.6B.100d.txt.gz	False	embedding	bidaf	7648.9519999999975	6875	7953	8065	8009	6169.0	6949.0	7599.0	5975.0	https://s3-us-west-2.amazonaws.com/allennlp/datasets/squad/squad-train-v1.1.json	0	9.012190517449504	0.5	max	2	reduce_on_plateau	20	['0.9875150540297319', '0.9563846343446551']	0.00013044769553337632	adam	10	+em	7648.32	37269.0	0.7827372458589709	0.8784803479491775	17	0.8896270406904496	4605	7953	4587	5669	1839.0	3701.0	1705.0	3271.0	1.011673155228297	0.7288211052637588	0.7808993253347641	0	https://s3-us-west-2.amazonaws.com/allennlp/datasets/squad/squad-dev-v1.1.json	0.6371807000946074	0.6287606433301798	0.740852177701042	3.708741041156781	0.507190160832545	0.6018921475875119	bidaf
48	48	15	15	2	0.013718070009460738	0.03415326395458846	0.05677190466345821	9.76860805502818	0.006054872280037843	0.0130558183538316	10000	utf-8	[260]	[259]	5	characters	True	single_id	squad	bidaf	11	16	[['passage', 'num_tokens'], ['question', 'num_tokens']]	bucket	0.4600748516534055	True	0.19082066562257965	105	1504	3	lstm	3	True	0.349093367362704	188	180	1	lstm	x,y,x*y	376	376	linear	True	0.3612352636416374	472	2134	2	lstm	0.2664513340722142	30	262	30	[1, 2, 3, 4, 5]	16	cnn	character_encoding	100	https://s3-us-west-2.amazonaws.com/allennlp/datasets/glove/glove.6B.100d.txt.gz	False	embedding	bidaf	7664.276	7489	8049	7853	5627	7647.0	7559.0	8005.0	7653.0	https://s3-us-west-2.amazonaws.com/allennlp/datasets/squad/squad-train-v1.1.json	0	7.075677941202622	0.5	max	2	reduce_on_plateau	20	['0.9394975548577512', '0.9169565166555295']	0.04301258203499187	adam	10	+em	7664.276	20697.0	0.0006849393257913904	0.00863023550497152	11	0.06395120158683096	7331	7049	7853	5627	5217.0	4493.0	6979.0	3799.0	10.269039316308007	0.00025114441945684314	0.008767223370129796	0	https://s3-us-west-2.amazonaws.com/allennlp/datasets/squad/squad-dev-v1.1.json	0.0006622516556291393	0.03112582781456953	0.061779602823397485	9.779944080087313	0.0003784295175023652	0.021475875118259224	bidaf
49	49	16	16	19	0.1914853358561968	0.27559129612109745	0.3230923753407008	5.9545292338517	0.15354777672658468	0.2223273415326396	10000	utf-8	[260]	[259]	5	characters	True	single_id	squad	bidaf	19	16	[['passage', 'num_tokens'], ['question', 'num_tokens']]	bucket	0.3848279759481691	True	0.4702558742539252	508	2208	1	lstm	2	True	0.27285458157987746	276	211	2	lstm	x,y,x*y	552	552	linear	True	0.33183458240595365	429	5256	2	lstm	0.07108789816192312	25	262	25	[1, 2, 3]	37	cnn	character_encoding	100	https://s3-us-west-2.amazonaws.com/allennlp/datasets/glove/glove.6B.100d.txt.gz	False	embedding	bidaf	7691.22	7797	8103	8059	8079	679.0	679.0	679.0	677.0	https://s3-us-west-2.amazonaws.com/allennlp/datasets/squad/squad-train-v1.1.json	0	9.05483031421186	0.5	max	2	reduce_on_plateau	20	['0.947666815379585', '0.9965745722167036']	3.319433545701876e-06	adam	10	+em	7691.22	40711.0	0.1528556262057786	0.2600942933138506	19	0.2750782826315676	6501	7953	6147	8009	679.0	679.0	679.0	675.0	6.112062551463577	0.1384719003641594	0.20322149796230551	0	https://s3-us-west-2.amazonaws.com/allennlp/datasets/squad/squad-dev-v1.1.json	0.1914853358561968	0.27559129612109745	0.3230923753407008	5.9545292338517	0.15354777672658468	0.2223273415326396	bidaf
50	50	17	17	15	0.1834437086092716	0.2271523178807947	0.2777544779190033	6.829286572792526	0.14796594134342478	0.21816461684011354	10000	utf-8	[260]	[259]	5	characters	True	single_id	squad	bidaf	19	16	[['passage', 'num_tokens'], ['question', 'num_tokens']]	bucket	0.0916179816229119	True	0.33903618039183264	108	1104	2	lstm	1	True	0.33046582818836595	138	352	1	lstm	x,y,x*y	276	276	linear	True	0.17540896356956814	183	1752	3	lstm	0.4771653163144011	39	262	39	[1, 2, 3, 4]	63	cnn	character_encoding	100	https://s3-us-west-2.amazonaws.com/allennlp/datasets/glove/glove.6B.100d.txt.gz	False	embedding	bidaf	7636.076	7331	8049	7853	6077	7973.0	7559.0	8005.0	7923.0	https://s3-us-west-2.amazonaws.com/allennlp/datasets/squad/squad-train-v1.1.json	0	6.701715482473245	0.5	max	2	reduce_on_plateau	20	['0.9616889119017729', '0.9479102479956483']	0.009474306140637384	adam	10	+em	7636.076	27343.0	0.15412276395849267	0.23480861653671845	19	0.25623949073174523	7331	5013	4945	4679	5013.0	4647.0	1985.0	5253.0	6.444405104275707	0.13935090583225834	0.21884953024577905	0	https://s3-us-west-2.amazonaws.com/allennlp/datasets/squad/squad-dev-v1.1.json	0.18126773888363293	0.2313150425733207	0.2805916996966531	6.558901997449357	0.1466414380321665	0.2165562913907285	bidaf
51	51	18	18	19	0.4578997161778618	0.5202459791863765	0.5899879247333483	3.844485084516378	0.3701986754966887	0.4417218543046358	10000	utf-8	[260]	[259]	5	characters	True	single_id	squad	bidaf	19	16	[['passage', 'num_tokens'], ['question', 'num_tokens']]	bucket	0.2994124428349669	True	0.12821071905851528	151	1080	1	lstm	1	True	0.2321181438245999	135	264	2	lstm	x,y,x*y	270	270	linear	True	0.03816100621226404	273	1986	2	lstm	0.27106635962849657	59	262	59	[1, 2, 3, 4]	41	cnn	character_encoding	100	https://s3-us-west-2.amazonaws.com/allennlp/datasets/glove/glove.6B.100d.txt.gz	False	embedding	bidaf	7642.04	6061	7569	6877	7419	6715.0	7065.0	7463.0	7479.0	https://s3-us-west-2.amazonaws.com/allennlp/datasets/squad/squad-train-v1.1.json	0	5.008060283970862	0.5	max	2	reduce_on_plateau	20	['0.9016022675511391', '0.9876725823049246']	1.662963773064195e-05	adam	10	+em	7642.04	27795.0	0.3736344022192034	0.517585817189694	19	0.5327796682883912	6061	7569	6877	6765	0.0	10.0	679.0	679.0	4.003939044072748	0.33293759061176503	0.40402287697348144	0	https://s3-us-west-2.amazonaws.com/allennlp/datasets/squad/squad-dev-v1.1.json	0.4578997161778618	0.5202459791863765	0.5899879247333483	3.844485084516378	0.3701986754966887	0.4417218543046358	bidaf
52	52	19	19	9	0.010406811731315043	0.007284768211920529	0.0258155171714942	9.764002198350592	0.007284768211920529	0.021475875118259224	10000	utf-8	[260]	[259]	5	characters	True	single_id	squad	bidaf	18	16	[['passage', 'num_tokens'], ['question', 'num_tokens']]	bucket	0.2414514244346171	True	0.27784828793196154	215	1736	2	lstm	1	True	0.21822992513261152	217	352	2	lstm	x,y,x*y	434	434	linear	True	0.08744679517483356	156	3026	3	lstm	0.4247172791703304	30	262	30	[1, 2, 3, 4]	63	cnn	character_encoding	100	https://s3-us-west-2.amazonaws.com/allennlp/datasets/glove/glove.6B.100d.txt.gz	False	embedding	bidaf	7640.556	8041	7283	7985	7567	0.0	0.0	0.0	0.0	https://s3-us-west-2.amazonaws.com/allennlp/datasets/squad/squad-train-v1.1.json	0	8.10344038564999	0.5	max	2	reduce_on_plateau	20	['0.9794257302428284', '0.9542593410892042']	0.08458356276504257	adam	10	+em	7640.556	30519.000000000004	0.0006050297377823947	0.008253518875786254	18	0.06411344852046	6799	5183	7985	7311	0.0	0.0	0.0	0.0	9.94281480675963	0.0002625600748866996	0.00839050674094453	0	https://s3-us-west-2.amazonaws.com/allennlp/datasets/squad/squad-dev-v1.1.json	0.010406811731315043	0.007284768211920529	0.0258155171714942	9.761535079684814	0.007284768211920529	0.021475875118259224	bidaf
53	53	20	20	13	0.6464522232734153	0.6441816461684011	0.7422172364721732	3.230082929675409	0.5210974456007569	0.6029328287606434	10000	utf-8	[260]	[259]	5	characters	True	single_id	squad	bidaf	19	16	[['passage', 'num_tokens'], ['question', 'num_tokens']]	bucket	0.15213639656529046	True	0.3719383176119523	200	2208	1	lstm	2	True	0.4260356956375381	276	260	3	lstm	x,y,x*y	552	552	linear	True	0.44080038637896857	116	3408	1	lstm	0.3724430388318767	17	262	17	[1, 2, 3, 4, 5]	32	cnn	character_encoding	100	https://s3-us-west-2.amazonaws.com/allennlp/datasets/glove/glove.6B.100d.txt.gz	False	embedding	bidaf	7642.728	7489	8049	5889	7571	7215.0	7361.0	8005.0	8083.0	https://s3-us-west-2.amazonaws.com/allennlp/datasets/squad/squad-train-v1.1.json	0	5.7887545625328345	0.5	max	2	reduce_on_plateau	20	['0.9708111877559303', '0.9763431979607232']	0.0003070008825609209	adam	10	+em	7642.728	30022.000000000004	0.8374068197125538	0.8967453966369479	19	0.9203976233227444	7489	8049	5889	5627	4519.0	4833.0	8005.0	7213.0	0.7334604723261644	0.7957625087044372	0.8541992488498727	0	https://s3-us-west-2.amazonaws.com/allennlp/datasets/squad/squad-dev-v1.1.json	0.6390728476821192	0.6358561967833491	0.7379221674757501	3.9626850094448964	0.5146641438032167	0.5970671712393567	bidaf
54	54	21	21	5	0.2732261116367077	0.3112582781456953	0.3671739978152336	5.430073080914104	0.2237464522232734	0.2993377483443709	10000	utf-8	[260]	[259]	5	characters	True	single_id	squad	bidaf	14	16	[['passage', 'num_tokens'], ['question', 'num_tokens']]	bucket	0.1197094889534897	True	0.15582227965917994	333	1056	2	lstm	2	True	0.1755898462986798	132	335	2	lstm	x,y,x*y	264	264	linear	True	0.38452604136253465	495	3054	1	lstm	0.08092088964106386	57	262	57	[1, 2, 3, 4, 5]	47	cnn	character_encoding	100	https://s3-us-west-2.amazonaws.com/allennlp/datasets/glove/glove.6B.100d.txt.gz	False	embedding	bidaf	7661.648	6891	8115	7937	7597	8089.0	7735.0	7477.0	8005.0	https://s3-us-west-2.amazonaws.com/allennlp/datasets/squad/squad-train-v1.1.json	0	8.91159637943558	0.5	max	2	reduce_on_plateau	20	['0.9764289568881915', '0.9966645474916471']	0.00494432800433984	adam	10	+em	7661.648	26451.0	0.1583693877783993	0.2322400940650008	14	0.26794755731966385	6529	4551	6521	5811	7307.0	629.0	4441.0	6305.0	6.244806134036688	0.13932807452139864	0.22323314193084395	0	https://s3-us-west-2.amazonaws.com/allennlp/datasets/squad/squad-dev-v1.1.json	0.23443708609271524	0.2818353831598865	0.3379187386732512	5.834537416651463	0.18959318826868496	0.2671712393566698	bidaf
55	55	22	22	19	0.2704824976348155	0.3482497634815516	0.3997796048929611	5.328915608632583	0.21920529801324504	0.2837275307473983	10000	utf-8	[260]	[259]	5	characters	True	single_id	squad	bidaf	19	16	[['passage', 'num_tokens'], ['question', 'num_tokens']]	bucket	0.0913352655701708	True	0.2772977807968928	109	2488	2	lstm	3	True	0.4131480256795093	311	335	2	lstm	x,y,x*y	622	622	linear	True	0.4653062250615958	356	3142	2	lstm	0.2715103692704849	61	262	61	[1, 2, 3, 4, 5]	47	cnn	character_encoding	100	https://s3-us-west-2.amazonaws.com/allennlp/datasets/glove/glove.6B.100d.txt.gz	False	embedding	bidaf	7662.691999999999	8041	7609	7985	7569	0.0	0.0	0.0	0.0	https://s3-us-west-2.amazonaws.com/allennlp/datasets/squad/squad-train-v1.1.json	0	9.375001097354382	0.5	max	2	reduce_on_plateau	20	['0.9733238874793866', '0.9557040438128781']	5.1410683759749815e-06	adam	10	+em	7662.691999999999	37104.0	0.2190550120435165	0.3369559013230745	19	0.35093472282457394	6799	7609	10	7569	0.0	0.0	0.0	0.0	5.442006244964252	0.1982328565394582	0.2649002842498202	0	https://s3-us-west-2.amazonaws.com/allennlp/datasets/squad/squad-dev-v1.1.json	0.2704824976348155	0.3482497634815516	0.3997796048929611	5.328915608632583	0.21920529801324504	0.2837275307473983	bidaf
56	56	23	23	18	0.2082308420056765	0.2461684011352885	0.2958042515529539	6.088724493439367	0.17228003784295176	0.2298013245033113	10000	utf-8	[260]	[259]	5	characters	True	single_id	squad	bidaf	19	16	[['passage', 'num_tokens'], ['question', 'num_tokens']]	bucket	0.4094748664035046	True	0.4909646276490303	401	848	1	lstm	1	True	0.3051272481143457	106	300	3	lstm	x,y,x*y	212	212	linear	True	0.08806363447320352	253	3254	1	lstm	0.17455549760415684	61	262	61	[1, 2, 3, 4, 5]	40	cnn	character_encoding	100	https://s3-us-west-2.amazonaws.com/allennlp/datasets/glove/glove.6B.100d.txt.gz	False	embedding	bidaf	7648.828	6879	7953	7535	8009	5371.0	6425.0	6039.0	5673.0	https://s3-us-west-2.amazonaws.com/allennlp/datasets/squad/squad-train-v1.1.json	0	6.4660507830341425	0.5	max	2	reduce_on_plateau	20	['0.9351445330820294', '0.9171016066404107']	0.003270097832829089	adam	10	+em	7648.828	31831.000000000004	0.14032123654379616	0.21024212605166728	19	0.23415031560634456	4587	7417	5295	6303	4181.0	2373.0	5579.0	2763.0	6.6979195231607545	0.12654254043995936	0.19785613991027293	0	https://s3-us-west-2.amazonaws.com/allennlp/datasets/squad/squad-dev-v1.1.json	0.1944181646168401	0.24096499526963105	0.2860457276063719	6.018395006927168	0.16130558183538315	0.22488174077578046	bidaf
57	57	24	24	18	0.05089877010406812	0.12904446546830653	0.14337662714646404	7.6142177574573235	0.039829706717123936	0.078240302743614	10000	utf-8	[260]	[259]	5	characters	True	single_id	squad	bidaf	19	16	[['passage', 'num_tokens'], ['question', 'num_tokens']]	bucket	0.09702387154205333	True	0.12237733558555865	220	2072	1	lstm	2	True	0.32104868491102273	259	217	1	lstm	x,y,x*y	518	518	linear	True	0.4920095352706481	454	3392	3	lstm	0.49176571563056104	20	262	20	[1, 2, 3]	39	cnn	character_encoding	100	https://s3-us-west-2.amazonaws.com/allennlp/datasets/glove/glove.6B.100d.txt.gz	False	embedding	bidaf	7698.672	6829	8047	7985	7571	5887.0	5709.0	3283.0	6373.0	https://s3-us-west-2.amazonaws.com/allennlp/datasets/squad/squad-train-v1.1.json	0	7.918271907829306	0.5	max	2	reduce_on_plateau	20	['0.9538996323367073', '0.9449942153808122']	1.2614812894397885e-06	adam	10	+em	7698.672	36329.0	0.04390461078322812	0.12583476980330827	19	0.1257830909934043	6829	8047	4647	7571	5887.0	5709.0	2757.0	6373.0	7.606045152237426	0.04066256464114887	0.08214705647324741	0	https://s3-us-west-2.amazonaws.com/allennlp/datasets/squad/squad-dev-v1.1.json	0.0489120151371807	0.13197729422894985	0.14348905265921444	7.5832394651854464	0.038505203405865655	0.07918637653736993	bidaf
58	58	25	25	17	0.14011352885525072	0.1834437086092716	0.21911465311308026	7.245042174017558	0.1162724692526017	0.16121097445600754	10000	utf-8	[260]	[259]	5	characters	True	single_id	squad	bidaf	19	16	[['passage', 'num_tokens'], ['question', 'num_tokens']]	bucket	0.3834020899542565	True	0.3370762073116657	111	664	1	lstm	1	True	0.40494119954842894	83	168	1	lstm	x,y,x*y	166	166	linear	True	0.3525867906745377	387	1330	1	lstm	0.29257409330468365	28	262	28	[1, 2, 3, 4]	17	cnn	character_encoding	100	https://s3-us-west-2.amazonaws.com/allennlp/datasets/glove/glove.6B.100d.txt.gz	False	embedding	bidaf	7636.635999999998	7847	8103	8059	8079	6715.0	7065.0	7465.0	6343.0	https://s3-us-west-2.amazonaws.com/allennlp/datasets/squad/squad-train-v1.1.json	0	8.958487694570142	0.5	max	2	reduce_on_plateau	20	['0.9655245009058153', '0.9530813366248984']	0.0071177925584817794	adam	10	+em	7636.635999999998	20959.0	0.07367664014429387	0.13465907145058734	19	0.15938295695703145	6497	4081	6979	6579	0.0	0.0	0.0	0.0	9.303423613282645	0.06723821048185481	0.13120012785534085	0	https://s3-us-west-2.amazonaws.com/allennlp/datasets/squad/squad-dev-v1.1.json	0.13784295175023653	0.1831598864711448	0.2181103329294615	7.708628782886961	0.11390728476821192	0.1631031220435194	bidaf
59	59	26	26	0	0.0489120151371807	0.08391674550614947	0.10833668751849657	7.7466907429081955	0.03954588457899716	0.08079470198675498	10000	utf-8	[260]	[259]	5	characters	True	single_id	squad	bidaf	9	16	[['passage', 'num_tokens'], ['question', 'num_tokens']]	bucket	0.2021171626261712	True	0.2627099657881813	177	2704	1	lstm	1	True	0.4133935181122658	338	355	3	lstm	x,y,x*y	676	676	linear	True	0.14331528125864326	102	3766	1	lstm	0.04795806011487802	60	262	60	[1, 2, 3, 4, 5]	51	cnn	character_encoding	100	https://s3-us-west-2.amazonaws.com/allennlp/datasets/glove/glove.6B.100d.txt.gz	False	embedding	bidaf	7653.456	7963	7757	6779	7119	7197.0	7225.0	7621.0	6929.0	https://s3-us-west-2.amazonaws.com/allennlp/datasets/squad/squad-train-v1.1.json	0	6.141224970759422	0.5	max	2	reduce_on_plateau	20	['0.973047455282564', '0.9414582714504345']	0.004643413168016738	adam	10	+em	7653.456	17181.0	0.005148460598865282	0.02857338554093083	9	0.06978448185064377	6643	7137	6779	7119	7189.0	4721.0	7053.0	6929.0	9.42070143834641	0.003949816778730351	0.027865614904279728	0	https://s3-us-west-2.amazonaws.com/allennlp/datasets/squad/squad-dev-v1.1.json	0.016461684011352885	0.035193945127719964	0.07934412553559167	9.133061483299498	0.010879848628193	0.037559129612109735	bidaf
60	60	27	27	0	0.012204351939451278	0.01466414380321665	0.04820922303143743	9.75794559888508	0.00510879848628193	0.021475875118259224	10000	utf-8	[260]	[259]	5	characters	True	single_id	squad	bidaf	9	16	[['passage', 'num_tokens'], ['question', 'num_tokens']]	bucket	0.0781915313609301	True	0.3914140838975861	494	840	2	lstm	1	True	0.2876547749003763	105	184	2	lstm	x,y,x*y	210	210	linear	True	0.4841129290947016	350	3804	3	lstm	0.497328376062367	48	262	48	[1, 2, 3, 4]	21	cnn	character_encoding	100	https://s3-us-west-2.amazonaws.com/allennlp/datasets/glove/glove.6B.100d.txt.gz	False	embedding	bidaf	7668.728	6875	7953	8001	8009	6169.0	6171.0	7599.0	5975.0	https://s3-us-west-2.amazonaws.com/allennlp/datasets/squad/squad-train-v1.1.json	0	8.770793831416935	0.5	max	2	reduce_on_plateau	20	['0.9034696953377744', '0.9497963211879655']	0.037905895015516035	adam	10	+em	7668.728	21895.0	0.0006621080149316772	0.02256875078482631	9	0.0649670530181784	4271	7953	4587	5669	10.0	1189.0	10.0	5975.0	9.877964089624411	0.00035388531832555165	0.01372161782668752	0	https://s3-us-west-2.amazonaws.com/allennlp/datasets/squad/squad-dev-v1.1.json	0.0	0.03415326395458846	0.06585637851093057	9.701039664864359	0.0	0.021475875118259224	bidaf
61	61	28	28	0	0.017218543046357615	0.06083254493850521	0.09024551311957146	8.49319320799904	0.014096499526963104	0.0478713339640492	10000	utf-8	[260]	[259]	5	characters	True	single_id	squad	bidaf	9	16	[['passage', 'num_tokens'], ['question', 'num_tokens']]	bucket	0.2592030939742347	True	0.21513891781539635	92	768	2	lstm	2	True	0.1662953977322847	96	228	2	lstm	x,y,x*y	192	192	linear	True	0.4253372370644412	244	1320	2	lstm	0.1839402347498456	38	262	38	[1, 2, 3, 4]	32	cnn	character_encoding	100	https://s3-us-west-2.amazonaws.com/allennlp/datasets/glove/glove.6B.100d.txt.gz	False	embedding	bidaf	7637.331999999998	7873	7753	7179	7945	7771.0	7185.0	8037.0	7601.0	https://s3-us-west-2.amazonaws.com/allennlp/datasets/squad/squad-train-v1.1.json	0	9.127787485778603	0.5	max	2	reduce_on_plateau	20	['0.917402710704469', '0.944264585330278']	0.015888788328017454	adam	10	+em	7637.331999999998	13806.0	0.0008675898126690942	0.009714722770807888	9	0.06780677437148233	6647	7751	5759	3735	7509.0	3745.0	6797.0	5315.0	10.954600777473624	0.0003424696628956952	0.01339056381922168	0	https://s3-us-west-2.amazonaws.com/allennlp/datasets/squad/squad-dev-v1.1.json	0.007663197729422895	0.013150425733207191	0.06582524025255823	9.759420159725128	0.0020813623462630085	0.02138126773888364	bidaf
62	62	29	29	19	0.3740775780510879	0.42866603595080416	0.4927913079045714	4.613959482686422	0.2986754966887417	0.3669820245979186	10000	utf-8	[260]	[259]	5	characters	True	single_id	squad	bidaf	19	16	[['passage', 'num_tokens'], ['question', 'num_tokens']]	bucket	0.33575789844832554	True	0.14385995276572805	507	2112	1	lstm	3	True	0.3461985982926128	264	296	3	lstm	x,y,x*y	528	528	linear	True	0.4874818840424722	380	5154	1	lstm	0.2121200378670734	35	262	35	[1, 2, 3, 4]	49	cnn	character_encoding	100	https://s3-us-west-2.amazonaws.com/allennlp/datasets/glove/glove.6B.100d.txt.gz	False	embedding	bidaf	7681.18	7873	7757	7619	7945	8041.0	7225.0	8037.0	7879.0	https://s3-us-west-2.amazonaws.com/allennlp/datasets/squad/squad-train-v1.1.json	0	7.995791040859354	0.5	max	2	reduce_on_plateau	20	['0.944620919834182', '0.9898038465633263']	9.022140030887774e-06	adam	10	+em	7681.18	39477.0	0.3085195036473019	0.4111462459617119	19	0.4444296883874641	6275	7757	6779	7119	7189.0	4721.0	7053.0	6929.0	4.715552535601402	0.27581365084076304	0.3525154396739689	0	https://s3-us-west-2.amazonaws.com/allennlp/datasets/squad/squad-dev-v1.1.json	0.3740775780510879	0.42866603595080416	0.4927913079045714	4.613959482686422	0.2986754966887417	0.3669820245979186	bidaf
63	63	30	30	7	0.6465468306527911	0.6556291390728477	0.745727494563702	2.6720903975700288	0.5237464522232734	0.605771050141911	10000	utf-8	[260]	[259]	5	characters	True	single_id	squad	bidaf	16	16	[['passage', 'num_tokens'], ['question', 'num_tokens']]	bucket	0.19418202958129155	True	0.15684800447267674	370	1568	1	lstm	3	True	0.19916960309816129	196	335	1	lstm	x,y,x*y	392	392	linear	True	0.33131003789176283	75	3788	2	lstm	0.24880982954314426	31	262	31	[1, 2, 3, 4, 5]	47	cnn	character_encoding	100	https://s3-us-west-2.amazonaws.com/allennlp/datasets/glove/glove.6B.100d.txt.gz	False	embedding	bidaf	7650.04	5953	7953	7535	7721	5371.0	6949.0	6767.0	5673.0	https://s3-us-west-2.amazonaws.com/allennlp/datasets/squad/squad-train-v1.1.json	0	7.574894676402018	0.5	max	2	reduce_on_plateau	20	['0.9060159543366696', '0.9573238466492988']	0.0001038618921947628	adam	10	+em	7650.04	23979.0	0.7982967842098654	0.8713341476500873	16	0.9056076756196044	5953	6381	4587	4581	3015.0	10.0	2379.0	1817.0	0.9430641048248499	0.7473943766481352	0.8195527346202582	0	https://s3-us-west-2.amazonaws.com/allennlp/datasets/squad/squad-dev-v1.1.json	0.6232734153263955	0.6265846736045412	0.7320516326588278	3.779035379594465	0.498391674550615	0.5872280037842952	bidaf
64	64	31	31	8	0.6725638599810785	0.6665089877010407	0.7651553697309911	2.5543074226415463	0.5457899716177862	0.6299905392620624	10000	utf-8	[260]	[259]	5	characters	True	single_id	squad	bidaf	17	16	[['passage', 'num_tokens'], ['question', 'num_tokens']]	bucket	0.4934014601580722	True	0.22044670026755914	316	2296	2	lstm	3	True	0.2289664885819669	287	184	1	lstm	x,y,x*y	574	574	linear	True	0.3587862098132915	346	4192	1	lstm	0.3691635434259159	52	262	52	[1, 2, 3, 4]	21	cnn	character_encoding	100	https://s3-us-west-2.amazonaws.com/allennlp/datasets/glove/glove.6B.100d.txt.gz	False	embedding	bidaf	7649.592	7873	7961	7179	8049	8041.0	7363.0	8037.0	7601.0	https://s3-us-west-2.amazonaws.com/allennlp/datasets/squad/squad-train-v1.1.json	0	9.095385936374193	0.5	max	2	reduce_on_plateau	20	['0.9437247911192655', '0.9716313226395807']	0.00025092003283475994	adam	10	+em	7649.592	27407.0	0.7923492277309102	0.8573499697485131	17	0.9001548225387509	6647	7757	5761	6261	4771.0	7195.0	7621.0	6535.0	0.9516894031523572	0.7442550714049248	0.8262194773912944	0	https://s3-us-west-2.amazonaws.com/allennlp/datasets/squad/squad-dev-v1.1.json	0.6597918637653737	0.6561021759697256	0.7565166689537042	3.503656617902591	0.5318826868495743	0.6163670766319773	bidaf
65	65	32	32	11	0.6440870387890255	0.6477767265846736	0.7434569092663248	2.813379113504637	0.515042573320719	0.6011352885525071	10000	utf-8	[260]	[259]	5	characters	True	single_id	squad	bidaf	19	16	[['passage', 'num_tokens'], ['question', 'num_tokens']]	bucket	0.35299342962732344	True	0.048709429616954236	504	2208	1	lstm	1	True	0.2199794437227892	276	238	2	lstm	x,y,x*y	552	552	linear	True	0.223716075648254	348	5232	2	lstm	0.04621546644782448	25	262	25	[1, 2, 3]	46	cnn	character_encoding	100	https://s3-us-west-2.amazonaws.com/allennlp/datasets/glove/glove.6B.100d.txt.gz	False	embedding	bidaf	7681.22	7489	8049	7985	7571	7215.0	7675.0	8005.0	8083.0	https://s3-us-west-2.amazonaws.com/allennlp/datasets/squad/squad-train-v1.1.json	0	8.736284689207906	0.5	max	2	reduce_on_plateau	20	['0.9845405980771348', '0.9089848248104732']	9.280402031008214e-05	adam	10	+em	7681.22	36693.0	0.8305916734209294	0.9210150800808228	19	0.9199370290418508	7489	8049	5889	5627	4519.0	4833.0	8005.0	7213.0	0.7766376941674921	0.7826915832372515	0.8180002054817977	0	https://s3-us-west-2.amazonaws.com/allennlp/datasets/squad/squad-dev-v1.1.json	0.6267738883632923	0.6322611163670766	0.7359511764967475	4.066862753317683	0.5008514664143803	0.5923368022705771	bidaf
