	best_epoch	best_validation_em	best_validation_end_acc	best_validation_f1	best_validation_loss	best_validation_span_acc	best_validation_start_acc	dataset_reader.token_indexers.token_characters.character_tokenizer.byte_encoding	dataset_reader.token_indexers.token_characters.character_tokenizer.end_tokens	dataset_reader.token_indexers.token_characters.character_tokenizer.start_tokens	dataset_reader.token_indexers.token_characters.min_padding_length	dataset_reader.token_indexers.token_characters.type	dataset_reader.token_indexers.tokens.lowercase_tokens	dataset_reader.token_indexers.tokens.type	dataset_reader.type	epoch	iterator.batch_size	iterator.sorting_keys	iterator.type	model.dropout	model.modeling_layer.bidirectional	model.modeling_layer.dropout	model.modeling_layer.hidden_size	model.modeling_layer.input_size	model.modeling_layer.num_layers	model.modeling_layer.type	model.num_highway_layers	model.phrase_layer.bidirectional	model.phrase_layer.dropout	model.phrase_layer.hidden_size	model.phrase_layer.input_size	model.phrase_layer.num_layers	model.phrase_layer.type	model.similarity_function.combination	model.similarity_function.tensor_1_dim	model.similarity_function.tensor_2_dim	model.similarity_function.type	model.span_end_encoder.bidirectional	model.span_end_encoder.dropout	model.span_end_encoder.hidden_size	model.span_end_encoder.input_size	model.span_end_encoder.num_layers	model.span_end_encoder.type	model.text_field_embedder.token_embedders.token_characters.dropout	model.text_field_embedder.token_embedders.token_characters.embedding.embedding_dim	model.text_field_embedder.token_embedders.token_characters.embedding.num_embeddings	model.text_field_embedder.token_embedders.token_characters.encoder.embedding_dim	model.text_field_embedder.token_embedders.token_characters.encoder.ngram_filter_sizes	model.text_field_embedder.token_embedders.token_characters.encoder.num_filters	model.text_field_embedder.token_embedders.token_characters.encoder.type	model.text_field_embedder.token_embedders.token_characters.type	model.text_field_embedder.token_embedders.tokens.embedding_dim	model.text_field_embedder.token_embedders.tokens.pretrained_file	model.text_field_embedder.token_embedders.tokens.trainable	model.text_field_embedder.token_embedders.tokens.type	model.type	peak_cpu_memory_MB	peak_gpu_0_memory_MB	peak_gpu_1_memory_MB	peak_gpu_2_memory_MB	peak_gpu_3_memory_MB	peak_gpu_4_memory_MB	peak_gpu_5_memory_MB	peak_gpu_6_memory_MB	peak_gpu_7_memory_MB	train_data_path	trainer.cuda_device	trainer.grad_norm	trainer.learning_rate_scheduler.factor	trainer.learning_rate_scheduler.mode	trainer.learning_rate_scheduler.patience	trainer.learning_rate_scheduler.type	trainer.num_epochs	trainer.optimizer.betas	trainer.optimizer.lr	trainer.optimizer.type	trainer.patience	trainer.validation_metric	training_cpu_memory_MB	training_duration	training_em	training_end_acc	training_epochs	training_f1	training_gpu_0_memory_MB	training_gpu_1_memory_MB	training_gpu_2_memory_MB	training_gpu_3_memory_MB	training_gpu_4_memory_MB	training_gpu_5_memory_MB	training_gpu_6_memory_MB	training_gpu_7_memory_MB	training_loss	training_span_acc	training_start_acc	training_start_epoch	validation_data_path	validation_em	validation_end_acc	validation_f1	validation_loss	validation_span_acc	validation_start_acc
0	19	0.24976348155156103	0.35572374645222327	0.387199134710966	5.445039023790345	0.20596026490066224	0.25799432355723745	utf-8	[260]	[259]	5	characters	True	single_id	squad	19	16	[['passage', 'num_tokens'], ['question', 'num_tokens']]	bucket	0.1385357516416974	True	0.11556620893944514	70	696	3	lstm	1	True	0.05386971621914033	87	240	2	lstm	x,y,x*y	174	174	linear	True	0.3871792214321421	349	1116	2	lstm	0.3737043523792362	49	262	49	[1, 2, 3, 4, 5]	28	cnn	character_encoding	100	https://s3-us-west-2.amazonaws.com/allennlp/datasets/glove/glove.6B.100d.txt.gz	False	embedding	bidaf	7650.592	6739	7137	6877	7419	7197	7817	7053	7479	https://s3-us-west-2.amazonaws.com/allennlp/datasets/squad/squad-train-v1.1.json	0	6.722133033367133	0.5	max	2	reduce_on_plateau	20	['0.9792602021704603', '0.9680552890903873']	7.094564771474958e-06	adam	10	+em	7650.592	32253.000000000004	0.19999086747565611	0.3345015354056553	19	0.3407381078928953	6061	2811	6877	6765	6715	7065	6933	6343	5.5673178070538665	0.1817486500987454	0.24324478589938242	0	https://s3-us-west-2.amazonaws.com/allennlp/datasets/squad/squad-dev-v1.1.json	0.24976348155156103	0.35572374645222327	0.387199134710966	5.445039023790345	0.20596026490066224	0.25799432355723745
1	18	0.17199621570482498	0.20804162724692526	0.24892107440121838	7.168367302543998	0.14181646168401135	0.18940397350993377	utf-8	[260]	[259]	5	characters	True	single_id	squad	19	16	[['passage', 'num_tokens'], ['question', 'num_tokens']]	bucket	0.48314197640359635	True	0.31252816173633313	388	1016	3	lstm	2	True	0.11909792280658876	127	280	2	lstm	x,y,x*y	254	254	linear	True	0.016456183876059016	509	3344	1	lstm	0.17544293758875446	16	262	16	[1, 2, 3, 4, 5]	36	cnn	character_encoding	100	https://s3-us-west-2.amazonaws.com/allennlp/datasets/glove/glove.6B.100d.txt.gz	False	embedding	bidaf	7669.896	7825	7953	7905	7721	7769	7825	7183	7833	https://s3-us-west-2.amazonaws.com/allennlp/datasets/squad/squad-train-v1.1.json	0	9.423667738478109	0.5	max	2	reduce_on_plateau	20	['0.9183867897794303', '0.9716184122018566']	0.0062298854157226986	adam	10	+em	7669.896	41087.0	0.11593739654562267	0.18644048448041645	19	0.20193705557129432	5373	7853	7905	6303	5767	7825	6007	6737	6.8211839284417835	0.10514960216440827	0.17142889759015514	0	https://s3-us-west-2.amazonaws.com/allennlp/datasets/squad/squad-dev-v1.1.json	0.16792809839167455	0.20482497634815516	0.2445317252299195	6.941797885519654	0.13841059602649006	0.18968779564806054
2	17	0.567833491012299	0.5884578997161779	0.6811241553342157	3.238448903979043	0.4596972563859981	0.549290444654683	utf-8	[260]	[259]	5	characters	True	single_id	squad	19	16	[['passage', 'num_tokens'], ['question', 'num_tokens']]	bucket	0.0657553010649351	True	0.2717497933057974	257	1392	1	lstm	1	True	0.3410133240108901	174	320	3	lstm	x,y,x*y	348	348	linear	True	0.042447606040015906	463	2934	1	lstm	0.47350314227651835	32	262	32	[1, 2, 3, 4]	55	cnn	character_encoding	100	https://s3-us-west-2.amazonaws.com/allennlp/datasets/glove/glove.6B.100d.txt.gz	False	embedding	bidaf	7651.988	7825	7417	7905	7721	7839	7493	7183	7833	https://s3-us-west-2.amazonaws.com/allennlp/datasets/squad/squad-train-v1.1.json	0	8.454755040705507	0.5	max	2	reduce_on_plateau	20	['0.9506238394775908', '0.9548749511594841']	4.140523970745532e-05	adam	10	+em	7651.988	32938.0	0.6177581935866848	0.7588899416660008	19	0.7559355004884749	5373	7417	7905	6303	5767	6679	4591	7833	2.1259074043247796	0.5612278678980354	0.6131120218267332	0	https://s3-us-west-2.amazonaws.com/allennlp/datasets/squad/squad-dev-v1.1.json	0.5667928098391675	0.5902554399243141	0.6831322584261439	3.379827198210354	0.45903500473036896	0.5485335856196784
3	19	0.31589403973509933	0.39943235572374647	0.44753547669332483	4.861638254188734	0.2582781456953642	0.32857142857142857	utf-8	[260]	[259]	5	characters	True	single_id	squad	19	16	[['passage', 'num_tokens'], ['question', 'num_tokens']]	bucket	0.4504601949136188	True	0.027270587385769485	136	816	3	lstm	1	True	0.3918632817990443	102	292	2	lstm	x,y,x*y	204	204	linear	True	0.4729456787177034	506	1632	2	lstm	0.41527849210794193	49	262	49	[1, 2, 3, 4]	48	cnn	character_encoding	100	https://s3-us-west-2.amazonaws.com/allennlp/datasets/glove/glove.6B.100d.txt.gz	False	embedding	bidaf	7651.488	7489	8049	7853	5627	7647	7559	8005	8083	https://s3-us-west-2.amazonaws.com/allennlp/datasets/squad/squad-train-v1.1.json	0	7.278344764413978	0.5	max	2	reduce_on_plateau	20	['0.9627492367778274', '0.9670069647195381']	1.2570183442531866e-05	adam	10	+em	7651.488	36794.0	0.24581330837110013	0.3729038002716926	19	0.38893310754822913	7331	6643	7853	5627	6607	5913	6979	4407	5.144308270624239	0.22071028208084567	0.28717222799347025	0	https://s3-us-west-2.amazonaws.com/allennlp/datasets/squad/squad-dev-v1.1.json	0.31589403973509933	0.39943235572374647	0.44753547669332483	4.861638254188734	0.2582781456953642	0.32857142857142857
4	19	0.07256385998107852	0.12015137180700095	0.15651100543846708	7.398745700559169	0.059413434247871336	0.10577105014191107	utf-8	[260]	[259]	5	characters	True	single_id	squad	19	16	[['passage', 'num_tokens'], ['question', 'num_tokens']]	bucket	0.07989348570008026	True	0.0989641133339258	224	2216	2	lstm	1	True	0.35534301158477605	277	280	3	lstm	x,y,x*y	554	554	linear	True	0.23870340873303175	340	3560	1	lstm	0.25943314297561715	57	262	57	[1, 2, 3, 4, 5]	36	cnn	character_encoding	100	https://s3-us-west-2.amazonaws.com/allennlp/datasets/glove/glove.6B.100d.txt.gz	False	embedding	bidaf	7647.456	8041	7609	7985	7569	0	0	0	0	https://s3-us-west-2.amazonaws.com/allennlp/datasets/squad/squad-train-v1.1.json	0	9.34761887977325	0.5	max	2	reduce_on_plateau	20	['0.920058060588871', '0.933123811138009']	1.4142491195829608e-06	adam	10	+em	7647.456	36816.0	0.05880204111919086	0.11868856950421809	19	0.13549539814262992	6799	7609	7985	7569	0	0	0	0	7.442764043503156	0.05415586935923926	0.10403086793228233	0	https://s3-us-west-2.amazonaws.com/allennlp/datasets/squad/squad-dev-v1.1.json	0.07256385998107852	0.12015137180700095	0.15651100543846708	7.398745700559169	0.059413434247871336	0.10577105014191107
5	6	0.6570482497634815	0.658088930936613	0.7606732258881125	2.6645612849229763	0.5246925260170293	0.6135288552507095	utf-8	[260]	[259]	5	characters	True	single_id	squad	15	16	[['passage', 'num_tokens'], ['question', 'num_tokens']]	bucket	0.2055527805451564	True	0.06807230872346082	335	1960	1	lstm	2	True	0.013879976304527919	245	184	1	lstm	x,y,x*y	490	490	linear	True	0.41256187394020544	191	3970	3	lstm	0.4638497576417129	61	262	61	[1, 2, 3]	28	cnn	character_encoding	100	https://s3-us-west-2.amazonaws.com/allennlp/datasets/glove/glove.6B.100d.txt.gz	False	embedding	bidaf	7652.024	7963	7757	6779	7119	7189	7225	7621	6929	https://s3-us-west-2.amazonaws.com/allennlp/datasets/squad/squad-train-v1.1.json	0	5.041098150983309	0.5	max	2	reduce_on_plateau	20	['0.9824735570451446', '0.9544006512182627']	0.0005317866569619444	adam	10	+em	7652.024	22985.0	0.8883663055514333	0.9211406522905513	15	0.9475651485503893	6643	7137	6779	7119	7189	4721	7053	6929	0.48818425942331417	0.8582518065274718	0.9146451443509629	0	https://s3-us-west-2.amazonaws.com/allennlp/datasets/squad/squad-dev-v1.1.json	0.6350047303689688	0.6368968779564806	0.7415333540035421	4.521140339334866	0.5080416272469253	0.5923368022705771
6	19	0.12781456953642384	0.2033112582781457	0.24990410771136537	6.509173915534085	0.1022705771050142	0.17105014191106907	utf-8	[260]	[259]	5	characters	True	single_id	squad	19	16	[['passage', 'num_tokens'], ['question', 'num_tokens']]	bucket	0.4599884880655921	True	0.07621735945237373	416	992	2	lstm	3	True	0.47298803534776007	124	330	1	lstm	x,y,x*y	248	248	linear	True	0.3285002837948474	229	3488	1	lstm	0.10169862966766835	54	262	54	[1, 2, 3, 4, 5]	46	cnn	character_encoding	100	https://s3-us-west-2.amazonaws.com/allennlp/datasets/glove/glove.6B.100d.txt.gz	False	embedding	bidaf	7655.42	6891	7719	6521	7107	8089	7739	7873	8103	https://s3-us-west-2.amazonaws.com/allennlp/datasets/squad/squad-train-v1.1.json	0	5.550656837225215	0.5	max	2	reduce_on_plateau	20	['0.9115435747625115', '0.9359832700316535']	1.8386227539824105e-06	adam	10	+em	7655.42	29132.0	0.09710156508635943	0.17793582118517334	19	0.203882811629358	5785	5957	6521	5811	7423	5769	7873	5299	6.757174484566466	0.08845991392595806	0.15781002066233632	0	https://s3-us-west-2.amazonaws.com/allennlp/datasets/squad/squad-dev-v1.1.json	0.12781456953642384	0.2033112582781457	0.24990410771136537	6.509173915534085	0.1022705771050142	0.17105014191106907
7	7	0.010406811731315043	0.00728476821192053	0.0258155171714942	9.762911531099213	0.00728476821192053	0.021475875118259224	utf-8	[260]	[259]	5	characters	True	single_id	squad	16	16	[['passage', 'num_tokens'], ['question', 'num_tokens']]	bucket	0.20532856481109285	True	0.06995589572689409	483	1264	3	lstm	3	True	0.048175761860594246	158	228	2	lstm	x,y,x*y	316	316	linear	True	0.07760125333467882	248	4162	1	lstm	0.4760551571451126	63	262	63	[1, 2, 3, 4]	32	cnn	character_encoding	100	https://s3-us-west-2.amazonaws.com/allennlp/datasets/glove/glove.6B.100d.txt.gz	False	embedding	bidaf	7666.904	7873	8089	7181	8049	8041	7543	7787	8103	https://s3-us-west-2.amazonaws.com/allennlp/datasets/squad/squad-train-v1.1.json	0	7.41441235572375	0.5	max	2	reduce_on_plateau	20	['0.977041257702728', '0.9371492120302296']	0.05970411207799419	adam	10	+em	7666.416	34400.0	0.0005137044943435427	0.00845900067352367	16	0.06446985755945657	6647	7757	5761	3257	4771	7205	7621	6535	10.043623862767328	0.0002283131085971301	0.01156405895044464	0	https://s3-us-west-2.amazonaws.com/allennlp/datasets/squad/squad-dev-v1.1.json	0.0	0.004541154210028382	0.06586500372331708	9.76562580074016	0.0	0.021475875118259224
8	19	0.5367076631977294	0.5760643330179754	0.6584502769379407	3.4407013212859	0.4270577105014191	0.5104068117313151	utf-8	[260]	[259]	5	characters	True	single_id	squad	19	16	[['passage', 'num_tokens'], ['question', 'num_tokens']]	bucket	0.11390439758846699	True	0.3986501660417253	176	2424	3	lstm	2	True	0.37413879036127223	303	405	2	lstm	x,y,x*y	606	606	linear	True	0.31130493113999047	492	3480	3	lstm	0.33423943635539055	59	262	59	[1, 2, 3, 4, 5]	61	cnn	character_encoding	100	https://s3-us-west-2.amazonaws.com/allennlp/datasets/glove/glove.6B.100d.txt.gz	False	embedding	bidaf	7723.56	7963	7757	6877	7419	7197	7225	7621	7413	https://s3-us-west-2.amazonaws.com/allennlp/datasets/squad/squad-train-v1.1.json	0	7.85383415375988	0.5	max	2	reduce_on_plateau	20	['0.9254256158932871', '0.9686386882785395']	1.6398796380153163e-05	adam	10	+em	7723.56	50439.0	0.5080194979394742	0.6490485051199215	19	0.6676813645915555	6061	7569	6877	6765	679	677	679	679	2.900799685199511	0.45584995262503	0.5270265642301852	0	https://s3-us-west-2.amazonaws.com/allennlp/datasets/squad/squad-dev-v1.1.json	0.5367076631977294	0.5760643330179754	0.6584502769379407	3.4407013212859	0.4270577105014191	0.5104068117313151
9	2	0.014758751182592242	0.004257332071901609	0.046412488537594256	54544.88025068551	0.0006622516556291391	0.009366130558183538	utf-8	[260]	[259]	5	characters	True	single_id	squad	11	16	[['passage', 'num_tokens'], ['question', 'num_tokens']]	bucket	0.2834951267799346	True	0.15533008700293416	458	2544	1	lstm	3	True	0.07622338318349031	318	204	1	lstm	x,y,x*y	636	636	linear	True	0.24065708130566082	217	5292	3	lstm	0.007538156773225446	46	262	46	[1, 2, 3, 4]	26	cnn	character_encoding	100	https://s3-us-west-2.amazonaws.com/allennlp/datasets/glove/glove.6B.100d.txt.gz	False	embedding	bidaf	7645.296	7331	8007	7853	6077	7973	7559	7049	7923	https://s3-us-west-2.amazonaws.com/allennlp/datasets/squad/squad-train-v1.1.json	0	6.021122755898448	0.5	max	2	reduce_on_plateau	20	['0.9987122613134971', '0.9223539160343803']	0.0007343497969559699	adam	10	+em	7644.448	20438.0	0.0007077706366511033	0.008904211235288074	11	0.06043440305851232	7331	6647	4943	6077	7973	3475	7049	2321	242138.73871575342	0.00025114441945684314	0.008264934531216109	0	https://s3-us-west-2.amazonaws.com/allennlp/datasets/squad/squad-dev-v1.1.json	0.0020813623462630085	0.004257332071901609	0.06119608799991208	11770.621631524205	0.0003784295175023652	0.020624408703878903
10	9	0.6182592242194891	0.6256385998107853	0.7223995323706718	2.8919639605437033	0.5024597918637653	0.5879848628193	utf-8	[260]	[259]	5	characters	True	single_id	squad	18	16	[['passage', 'num_tokens'], ['question', 'num_tokens']]	bucket	0.05330620180932866	True	0.29951560173872777	216	1768	3	lstm	1	True	0.22761417809055312	221	244	2	lstm	x,y,x*y	442	442	linear	True	0.2930438089802322	365	3064	2	lstm	0.12963612202668123	16	262	16	[1, 2, 3, 4]	36	cnn	character_encoding	100	https://s3-us-west-2.amazonaws.com/allennlp/datasets/glove/glove.6B.100d.txt.gz	False	embedding	bidaf	7654.868	7797	7569	7225	7419	7197	7065	6933	6343	https://s3-us-west-2.amazonaws.com/allennlp/datasets/squad/squad-train-v1.1.json	0	9.512510379659988	0.5	max	2	reduce_on_plateau	20	['0.9813978415599726', '0.9915275435491366']	7.369474642849211e-05	adam	10	+em	7654.868	36080.0	0.8359342001621023	0.9505473806778616	18	0.927607231075898	5895	3033	4797	6765	0	0	0	0	0.7494109678635859	0.7840728775442642	0.7990844644345255	0	https://s3-us-west-2.amazonaws.com/allennlp/datasets/squad/squad-dev-v1.1.json	0.6018921475875119	0.6064333017975402	0.7135088803359687	5.185285117009403	0.4770104068117313	0.5757805108798486
11	14	0.6606433301797541	0.6552507095553454	0.7584369878222373	2.7815898183434524	0.5311258278145695	0.6186376537369915	utf-8	[260]	[259]	5	characters	True	single_id	squad	19	16	[['passage', 'num_tokens'], ['question', 'num_tokens']]	bucket	0.11028397023617698	True	0.48894199993175963	95	648	3	lstm	2	True	0.2938050029523015	81	192	2	lstm	x,y,x*y	162	162	linear	True	0.44458083654237585	200	1218	1	lstm	0.4596298279020681	58	262	58	[1, 2, 3, 4]	23	cnn	character_encoding	100	https://s3-us-west-2.amazonaws.com/allennlp/datasets/glove/glove.6B.100d.txt.gz	False	embedding	bidaf	7628.312	6801	7719	7619	5811	7947	7739	7787	8103	https://s3-us-west-2.amazonaws.com/allennlp/datasets/squad/squad-train-v1.1.json	0	5.193866100650623	0.5	max	2	reduce_on_plateau	20	['0.9096563903074262', '0.9875940139483712']	0.0006880580480220429	adam	10	+em	7628.312	25873.0	0.7374970033904497	0.8345871528213792	19	0.856400414142501	6801	5221	7179	5811	6283	6851	5163	4063	1.3400512423934456	0.678363908263793	0.7402253450381854	0	https://s3-us-west-2.amazonaws.com/allennlp/datasets/squad/squad-dev-v1.1.json	0.6567644276253548	0.6501419110690634	0.7604973835687806	3.0609137783793567	0.5264900662251656	0.6203405865657521
12	8	0.6619678334910123	0.6546830652790918	0.7571261592259396	2.718899540118479	0.5352885525070955	0.6234626300851467	utf-8	[260]	[259]	5	characters	True	single_id	squad	17	16	[['passage', 'num_tokens'], ['question', 'num_tokens']]	bucket	0.3213948595635355	True	0.06803366642827569	496	1616	2	lstm	3	True	0.11792136585376911	202	355	3	lstm	x,y,x*y	404	404	linear	True	0.18635565967941614	234	4592	3	lstm	0.318115712120359	47	262	47	[1, 2, 3, 4, 5]	51	cnn	character_encoding	100	https://s3-us-west-2.amazonaws.com/allennlp/datasets/glove/glove.6B.100d.txt.gz	False	embedding	bidaf	7666.812	7825	7853	7905	8061	7841	7825	7785	7833	https://s3-us-west-2.amazonaws.com/allennlp/datasets/squad/squad-train-v1.1.json	0	7.028433197957922	0.5	max	2	reduce_on_plateau	20	['0.9669521115705305', '0.9365256472695088']	0.0003188788964022436	adam	10	+em	7666.8	41504.0	0.8598614139430816	0.8980353657005217	17	0.9330548486298766	6987	6865	4459	4749	6207	5821	7785	7251	0.6194619079444507	0.8254660441329239	0.895386933640795	0	https://s3-us-west-2.amazonaws.com/allennlp/datasets/squad/squad-dev-v1.1.json	0.6467360454115421	0.6427625354777673	0.7506066934092404	4.919277410103225	0.5104068117313151	0.5988647114474929
13	6	0.011920529801324504	0.005487228003784295	0.03573773112800852	22.53445238930014	0.00728476821192053	0.010690633869441817	utf-8	[260]	[259]	5	characters	True	single_id	squad	15	16	[['passage', 'num_tokens'], ['question', 'num_tokens']]	bucket	0.3809305815639506	True	0.22581448851979308	154	824	2	lstm	2	True	0.18016161852145463	103	290	3	lstm	x,y,x*y	206	206	linear	True	0.07883115479939373	293	1748	2	lstm	0.009951756212760177	53	262	53	[1, 2, 3, 4, 5]	38	cnn	character_encoding	100	https://s3-us-west-2.amazonaws.com/allennlp/datasets/glove/glove.6B.100d.txt.gz	False	embedding	bidaf	7669.348	7489	8049	7939	7571	7215	7361	6805	8083	https://s3-us-west-2.amazonaws.com/allennlp/datasets/squad/squad-train-v1.1.json	0	8.976716056892197	0.5	max	2	reduce_on_plateau	20	['0.9759088167823664', '0.9046594345502769']	0.023669049896078705	adam	10	+em	7669.34	26967.0	0.0007762645692302424	0.008470416328953527	15	0.06435526039745455	7489	8049	5335	4255	2787	4833	5307	8083	12.399841590863929	0.0003082226966061256	0.0086873137821208	0	https://s3-us-west-2.amazonaws.com/allennlp/datasets/squad/squad-dev-v1.1.json	0.0005676442762535478	0.004635761589403974	0.06364399812076836	9.993098743023202	0.0003784295175023652	0.018637653736991486
14	1	0.006622516556291391	0.014947965941343426	0.07423411135610636	54783.76250768249	0.002838221381267739	0.021570482497634817	utf-8	[260]	[259]	5	characters	True	single_id	squad	10	16	[['passage', 'num_tokens'], ['question', 'num_tokens']]	bucket	0.4722763585553104	True	0.22660735133865867	348	2560	3	lstm	1	True	0.12740745247105606	320	196	1	lstm	x,y,x*y	640	640	linear	True	0.15278684833781253	257	4648	3	lstm	0.1299024776476238	57	262	57	[1, 2, 3, 4]	24	cnn	character_encoding	100	https://s3-us-west-2.amazonaws.com/allennlp/datasets/glove/glove.6B.100d.txt.gz	False	embedding	bidaf	7657.108	7797	7827	6979	6961	0	0	0	0	https://s3-us-west-2.amazonaws.com/allennlp/datasets/squad/squad-train-v1.1.json	0	9.93325091393302	0.5	max	2	reduce_on_plateau	20	['0.9970626371939527', '0.9627801526745966']	0.0017974696575330587	adam	10	+em	7657.108	22766.0	0.0009817463669676595	0.008778639025559653	10	0.061159714773243716	6501	6723	6979	6135	0	0	0	0	55519.7447859589	0.0003881322846151212	0.00905261475587621	0	https://s3-us-west-2.amazonaws.com/allennlp/datasets/squad/squad-dev-v1.1.json	0.0015137180700094607	0.0130558183538316	0.06720718361839115	14656.807620142303	0.0008514664143803217	0.011636707663197729
15	5	0.41002838221381266	0.4313150425733207	0.5198514989599806	4.306750385916359	0.32894985808893096	0.4173131504257332	utf-8	[260]	[259]	5	characters	True	single_id	squad	14	16	[['passage', 'num_tokens'], ['question', 'num_tokens']]	bucket	0.05776928586181301	True	0.33202941628991484	225	760	3	lstm	2	True	0.41409298255394744	95	360	1	lstm	x,y,x*y	190	190	linear	True	0.04938982513672363	457	2110	3	lstm	0.3108182877755426	61	262	61	[1, 2, 3, 4, 5]	52	cnn	character_encoding	100	https://s3-us-west-2.amazonaws.com/allennlp/datasets/glove/glove.6B.100d.txt.gz	False	embedding	bidaf	7684.872	7825	7853	7905	6303	7769	7825	7183	7833	https://s3-us-west-2.amazonaws.com/allennlp/datasets/squad/squad-train-v1.1.json	0	8.628056648165431	0.5	max	2	reduce_on_plateau	20	['0.972860617350632', '0.9100438836093813']	0.0011875150781271433	adam	10	+em	7684.872	31542.000000000004	0.6166737063208484	0.7085925638420529	14	0.7459036264747978	5373	7275	3671	6303	6207	7825	6007	6737	2.059090451535569	0.5764677678968938	0.6808639368029316	0	https://s3-us-west-2.amazonaws.com/allennlp/datasets/squad/squad-dev-v1.1.json	0.39971617786187325	0.42109744560075685	0.5108802038077762	4.931985383675787	0.3195837275307474	0.40832544938505205
16	19	0.6386944181646168	0.6403027436140019	0.740438802449773	2.794771167405975	0.5128666035950804	0.6007568590350048	utf-8	[260]	[259]	5	characters	True	single_id	squad	19	16	[['passage', 'num_tokens'], ['question', 'num_tokens']]	bucket	0.07072481843050926	True	0.3652547328530257	81	1624	2	lstm	2	True	0.4265160872244939	203	265	3	lstm	x,y,x*y	406	406	linear	True	0.2767072460763302	92	2110	3	lstm	0.19366833417746865	45	262	45	[1, 2, 3]	55	cnn	character_encoding	100	https://s3-us-west-2.amazonaws.com/allennlp/datasets/glove/glove.6B.100d.txt.gz	False	embedding	bidaf	7635.296	7825	7853	7905	8061	7365	7825	7183	7833	https://s3-us-west-2.amazonaws.com/allennlp/datasets/squad/squad-train-v1.1.json	0	7.7120407202448105	0.5	max	2	reduce_on_plateau	20	['0.9407698245559118', '0.9183579193839441']	7.52565455703029e-05	adam	10	+em	7635.296	33258.0	0.6151554241486775	0.711377983766938	19	0.7553076077013972	6985	6563	7847	8061	6207	5821	6007	6737	2.191509536842233	0.5581798878982637	0.6422676057945867	0	https://s3-us-west-2.amazonaws.com/allennlp/datasets/squad/squad-dev-v1.1.json	0.6386944181646168	0.6403027436140019	0.740438802449773	2.794771167405975	0.5128666035950804	0.6007568590350048
17	0	0.007852412488174077	0.004068117313150426	0.051563978720781556	250202.85293205135	0.003973509933774834	0.021475875118259224	utf-8	[260]	[259]	5	characters	True	single_id	squad	9	16	[['passage', 'num_tokens'], ['question', 'num_tokens']]	bucket	0.1856801825294882	True	0.09521878103925863	478	880	1	lstm	3	True	0.2579933522658716	110	415	1	lstm	x,y,x*y	220	220	linear	True	0.32701742835568204	128	3748	1	lstm	0.1820393773645701	37	262	37	[1, 2, 3, 4, 5]	63	cnn	character_encoding	100	https://s3-us-west-2.amazonaws.com/allennlp/datasets/glove/glove.6B.100d.txt.gz	False	embedding	bidaf	7636.692	7901	8115	7939	7107	8089	8081	7975	7977	https://s3-us-west-2.amazonaws.com/allennlp/datasets/squad/squad-train-v1.1.json	0	8.291048727229398	0.5	max	2	reduce_on_plateau	20	['0.9996378362820325', '0.968978232182423']	0.0016799428391884924	adam	10	+em	7636.692	12329.0	0.0006392767040719643	0.008550325916962523	9	0.06344891519872599	5649	3597	6521	7107	4661	7735	5981	4677	1080629.6935730593	0.00025114441945684314	0.008253518875786254	0	https://s3-us-west-2.amazonaws.com/allennlp/datasets/squad/squad-dev-v1.1.json	0.0003784295175023652	0.010312204351939452	0.0006897802690263976	57282.46145754539	0.0002838221381267739	0.0002838221381267739
18	2	0.014947965941343426	0.004541154210028382	0.061769343485967576	9.767637972752373	0.0011352885525070956	0.010596026490066225	utf-8	[260]	[259]	5	characters	True	single_id	squad	11	16	[['passage', 'num_tokens'], ['question', 'num_tokens']]	bucket	0.34760232760219917	True	0.28674753129881725	235	1848	1	lstm	1	True	0.06198088495942111	231	220	1	lstm	x,y,x*y	462	462	linear	True	0.013947238259557904	337	3258	1	lstm	0.12298768692287354	46	262	46	[1, 2, 3]	40	cnn	character_encoding	100	https://s3-us-west-2.amazonaws.com/allennlp/datasets/glove/glove.6B.100d.txt.gz	False	embedding	bidaf	7633.544	6985	7697	7847	8061	6207	7825	6995	6819	https://s3-us-west-2.amazonaws.com/allennlp/datasets/squad/squad-train-v1.1.json	0	9.179202189815506	0.5	max	2	reduce_on_plateau	20	['0.9237478944750496', '0.9413048197254141']	0.05208251759946468	adam	10	+em	7633.544	14565.0	0.0006849393257913904	0.008481831984383383	11	0.0640724926375206	6985	6865	7847	8061	6207	5821	6007	10	10.470176011525332	0.00028539138574641264	0.00872156074841037	0	https://s3-us-west-2.amazonaws.com/allennlp/datasets/squad/squad-dev-v1.1.json	0.0001892147587511826	0.00510879848628193	0.09201745944415636	9.764391820477647	9.46073793755913e-05	0.019962157048249763
19	18	0.6346263008514664	0.6498580889309367	0.7411462315470269	2.7406046141654747	0.5118259224219489	0.5992431409649953	utf-8	[260]	[259]	5	characters	True	single_id	squad	19	16	[['passage', 'num_tokens'], ['question', 'num_tokens']]	bucket	0.21714633314034176	True	0.21734196450586002	107	1144	3	lstm	1	True	0.4695165528260551	143	390	1	lstm	x,y,x*y	286	286	linear	True	0.14028764794894394	128	1786	1	lstm	0.47400430373981595	38	262	38	[1, 2, 3, 4, 5]	58	cnn	character_encoding	100	https://s3-us-west-2.amazonaws.com/allennlp/datasets/glove/glove.6B.100d.txt.gz	False	embedding	bidaf	7628.896	6891	4551	7939	7107	8089	7739	6653	8005	https://s3-us-west-2.amazonaws.com/allennlp/datasets/squad/squad-train-v1.1.json	0	8.42740131782773	0.5	max	2	reduce_on_plateau	20	['0.9876467407221152', '0.9091237375618993']	4.2197440125537574e-05	adam	10	+em	7628.896	25574.0	0.5859427619036747	0.6918686286373132	19	0.7373699639419755	5299	4551	6521	5811	6419	6035	6069	8005	2.38415629300897	0.5284421055034875	0.6172444890923412	0	https://s3-us-west-2.amazonaws.com/allennlp/datasets/squad/squad-dev-v1.1.json	0.6297067171239357	0.6421002838221381	0.7393732674485366	2.783278046685881	0.5066225165562914	0.599526963103122
20	8	0.6478713339640492	0.6517502365184484	0.7489107657004332	2.646254677996152	0.522894985808893	0.6077578051087985	utf-8	[260]	[259]	5	characters	True	single_id	squad	17	16	[['passage', 'num_tokens'], ['question', 'num_tokens']]	bucket	0.43008613420913794	True	0.39916952757025703	451	1560	2	lstm	1	True	0.08158070158436548	195	151	2	lstm	x,y,x*y	390	390	linear	True	0.004388786818866397	258	4266	3	lstm	0.30235590722932487	50	262	50	[1, 2, 3]	17	cnn	character_encoding	100	https://s3-us-west-2.amazonaws.com/allennlp/datasets/glove/glove.6B.100d.txt.gz	False	embedding	bidaf	7648.952	6875	7953	8065	8009	6169	6949	7599	5975	https://s3-us-west-2.amazonaws.com/allennlp/datasets/squad/squad-train-v1.1.json	0	9.012190517449504	0.5	max	2	reduce_on_plateau	20	['0.9875150540297319', '0.9563846343446551']	0.00013044769553337632	adam	10	+em	7648.32	37269.0	0.782737245858971	0.8784803479491775	17	0.8896270406904496	4605	7953	4587	5669	1839	3701	1705	3271	1.011673155228297	0.7288211052637588	0.7808993253347641	0	https://s3-us-west-2.amazonaws.com/allennlp/datasets/squad/squad-dev-v1.1.json	0.6371807000946074	0.6287606433301798	0.740852177701042	3.7087410411567805	0.507190160832545	0.6018921475875119
21	2	0.013718070009460738	0.03415326395458846	0.05677190466345821	9.76860805502818	0.006054872280037843	0.0130558183538316	utf-8	[260]	[259]	5	characters	True	single_id	squad	11	16	[['passage', 'num_tokens'], ['question', 'num_tokens']]	bucket	0.4600748516534055	True	0.19082066562257965	105	1504	3	lstm	3	True	0.34909336736270397	188	180	1	lstm	x,y,x*y	376	376	linear	True	0.3612352636416374	472	2134	2	lstm	0.2664513340722142	30	262	30	[1, 2, 3, 4, 5]	16	cnn	character_encoding	100	https://s3-us-west-2.amazonaws.com/allennlp/datasets/glove/glove.6B.100d.txt.gz	False	embedding	bidaf	7664.276	7489	8049	7853	5627	7647	7559	8005	7653	https://s3-us-west-2.amazonaws.com/allennlp/datasets/squad/squad-train-v1.1.json	0	7.075677941202622	0.5	max	2	reduce_on_plateau	20	['0.9394975548577512', '0.9169565166555295']	0.04301258203499187	adam	10	+em	7664.276	20697.0	0.0006849393257913904	0.008630235504971518	11	0.06395120158683096	7331	7049	7853	5627	5217	4493	6979	3799	10.269039316308008	0.00025114441945684314	0.008767223370129796	0	https://s3-us-west-2.amazonaws.com/allennlp/datasets/squad/squad-dev-v1.1.json	0.0006622516556291391	0.031125827814569535	0.06177960282339749	9.779944080087313	0.0003784295175023652	0.021475875118259224
22	19	0.1914853358561968	0.27559129612109745	0.3230923753407008	5.9545292338517	0.15354777672658468	0.22232734153263956	utf-8	[260]	[259]	5	characters	True	single_id	squad	19	16	[['passage', 'num_tokens'], ['question', 'num_tokens']]	bucket	0.38482797594816914	True	0.47025587425392523	508	2208	1	lstm	2	True	0.27285458157987746	276	211	2	lstm	x,y,x*y	552	552	linear	True	0.33183458240595365	429	5256	2	lstm	0.07108789816192312	25	262	25	[1, 2, 3]	37	cnn	character_encoding	100	https://s3-us-west-2.amazonaws.com/allennlp/datasets/glove/glove.6B.100d.txt.gz	False	embedding	bidaf	7691.22	7797	8103	8059	8079	679	679	679	677	https://s3-us-west-2.amazonaws.com/allennlp/datasets/squad/squad-train-v1.1.json	0	9.054830314211861	0.5	max	2	reduce_on_plateau	20	['0.947666815379585', '0.9965745722167036']	3.3194335457018764e-06	adam	10	+em	7691.22	40711.0	0.1528556262057786	0.2600942933138506	19	0.2750782826315676	6501	7953	6147	8009	679	679	679	675	6.112062551463576	0.1384719003641594	0.20322149796230551	0	https://s3-us-west-2.amazonaws.com/allennlp/datasets/squad/squad-dev-v1.1.json	0.1914853358561968	0.27559129612109745	0.3230923753407008	5.9545292338517	0.15354777672658468	0.22232734153263956
23	15	0.18344370860927153	0.2271523178807947	0.2777544779190033	6.829286572792526	0.14796594134342478	0.21816461684011354	utf-8	[260]	[259]	5	characters	True	single_id	squad	19	16	[['passage', 'num_tokens'], ['question', 'num_tokens']]	bucket	0.0916179816229119	True	0.33903618039183264	108	1104	2	lstm	1	True	0.33046582818836595	138	352	1	lstm	x,y,x*y	276	276	linear	True	0.17540896356956814	183	1752	3	lstm	0.4771653163144011	39	262	39	[1, 2, 3, 4]	63	cnn	character_encoding	100	https://s3-us-west-2.amazonaws.com/allennlp/datasets/glove/glove.6B.100d.txt.gz	False	embedding	bidaf	7636.076	7331	8049	7853	6077	7973	7559	8005	7923	https://s3-us-west-2.amazonaws.com/allennlp/datasets/squad/squad-train-v1.1.json	0	6.701715482473244	0.5	max	2	reduce_on_plateau	20	['0.9616889119017729', '0.9479102479956483']	0.009474306140637385	adam	10	+em	7636.076	27343.0	0.15412276395849267	0.23480861653671845	19	0.25623949073174523	7331	5013	4945	4679	5013	4647	1985	5253	6.444405104275708	0.13935090583225837	0.21884953024577905	0	https://s3-us-west-2.amazonaws.com/allennlp/datasets/squad/squad-dev-v1.1.json	0.18126773888363293	0.23131504257332072	0.2805916996966531	6.558901997449358	0.1466414380321665	0.2165562913907285
24	3	0.0003784295175023652	0.004541154210028382	0.06861358267493042	796.4845442086594	9.46073793755913e-05	0.008798486281929991	utf-8	[260]	[259]	5	characters	True	single_id	squad	12	16	[['passage', 'num_tokens'], ['question', 'num_tokens']]	bucket	0.39545852104161294	True	0.36660780761225176	456	2008	3	lstm	3	True	0.16088881110057346	251	410	1	lstm	x,y,x*y	502	502	linear	True	0.35331910250296267	172	4744	3	lstm	0.22656611899774226	50	262	50	[1, 2, 3, 4, 5]	62	cnn	character_encoding	100	https://s3-us-west-2.amazonaws.com/allennlp/datasets/glove/glove.6B.100d.txt.gz	False	embedding	bidaf	7686.608	7919	7629	7847	8061	6479	7825	7785	7637	https://s3-us-west-2.amazonaws.com/allennlp/datasets/squad/squad-train-v1.1.json	0	9.180036089502615	0.5	max	2	reduce_on_plateau	20	['0.9970235629017062', '0.9798240602157721']	0.006769941149200351	adam	10	+em	7686.608	28164.0	0.0006963549812212468	0.008892795579858217	12	0.06194544620067318	7919	6865	7769	6045	6045	6033	7237	5545	141194.4920719178	0.00028539138574641264	0.00807086838890855	0	https://s3-us-west-2.amazonaws.com/allennlp/datasets/squad/squad-dev-v1.1.json	0.0	0.004541154210028382	0.06656674319291045	726.4825261703237	0.0	0.00946073793755913
25	19	0.45789971617786185	0.5202459791863765	0.5899879247333483	3.844485084516378	0.3701986754966887	0.4417218543046358	utf-8	[260]	[259]	5	characters	True	single_id	squad	19	16	[['passage', 'num_tokens'], ['question', 'num_tokens']]	bucket	0.2994124428349669	True	0.12821071905851528	151	1080	1	lstm	1	True	0.2321181438245999	135	264	2	lstm	x,y,x*y	270	270	linear	True	0.03816100621226404	273	1986	2	lstm	0.27106635962849657	59	262	59	[1, 2, 3, 4]	41	cnn	character_encoding	100	https://s3-us-west-2.amazonaws.com/allennlp/datasets/glove/glove.6B.100d.txt.gz	False	embedding	bidaf	7642.04	6061	7569	6877	7419	6715	7065	7463	7479	https://s3-us-west-2.amazonaws.com/allennlp/datasets/squad/squad-train-v1.1.json	0	5.008060283970862	0.5	max	2	reduce_on_plateau	20	['0.9016022675511391', '0.9876725823049246']	1.662963773064195e-05	adam	10	+em	7642.04	27795.0	0.3736344022192034	0.517585817189694	19	0.5327796682883912	6061	7569	6877	6765	0	10	679	679	4.003939044072748	0.332937590611765	0.40402287697348144	0	https://s3-us-west-2.amazonaws.com/allennlp/datasets/squad/squad-dev-v1.1.json	0.45789971617786185	0.5202459791863765	0.5899879247333483	3.844485084516378	0.3701986754966887	0.4417218543046358
26	9	0.010406811731315043	0.00728476821192053	0.025815517171494197	9.764002198350592	0.00728476821192053	0.021475875118259224	utf-8	[260]	[259]	5	characters	True	single_id	squad	18	16	[['passage', 'num_tokens'], ['question', 'num_tokens']]	bucket	0.2414514244346171	True	0.27784828793196154	215	1736	2	lstm	1	True	0.21822992513261152	217	352	2	lstm	x,y,x*y	434	434	linear	True	0.08744679517483356	156	3026	3	lstm	0.4247172791703304	30	262	30	[1, 2, 3, 4]	63	cnn	character_encoding	100	https://s3-us-west-2.amazonaws.com/allennlp/datasets/glove/glove.6B.100d.txt.gz	False	embedding	bidaf	7640.556	8041	7283	7985	7567	0	0	0	0	https://s3-us-west-2.amazonaws.com/allennlp/datasets/squad/squad-train-v1.1.json	0	8.10344038564999	0.5	max	2	reduce_on_plateau	20	['0.9794257302428284', '0.9542593410892042']	0.08458356276504257	adam	10	+em	7640.556	30519.000000000004	0.0006050297377823947	0.008253518875786254	18	0.06411344852046	6799	5183	7985	7311	0	0	0	0	9.94281480675963	0.0002625600748866996	0.008390506740944532	0	https://s3-us-west-2.amazonaws.com/allennlp/datasets/squad/squad-dev-v1.1.json	0.010406811731315043	0.00728476821192053	0.025815517171494197	9.761535079684814	0.00728476821192053	0.021475875118259224
27	13	0.6464522232734153	0.6441816461684011	0.7422172364721732	3.2300829296754094	0.5210974456007569	0.6029328287606434	utf-8	[260]	[259]	5	characters	True	single_id	squad	19	16	[['passage', 'num_tokens'], ['question', 'num_tokens']]	bucket	0.15213639656529043	True	0.3719383176119523	200	2208	1	lstm	2	True	0.4260356956375381	276	260	3	lstm	x,y,x*y	552	552	linear	True	0.44080038637896857	116	3408	1	lstm	0.3724430388318767	17	262	17	[1, 2, 3, 4, 5]	32	cnn	character_encoding	100	https://s3-us-west-2.amazonaws.com/allennlp/datasets/glove/glove.6B.100d.txt.gz	False	embedding	bidaf	7642.728	7489	8049	5889	7571	7215	7361	8005	8083	https://s3-us-west-2.amazonaws.com/allennlp/datasets/squad/squad-train-v1.1.json	0	5.7887545625328345	0.5	max	2	reduce_on_plateau	20	['0.9708111877559303', '0.9763431979607232']	0.00030700088256092086	adam	10	+em	7642.728	30022.000000000004	0.8374068197125538	0.8967453966369479	19	0.9203976233227443	7489	8049	5889	5627	4519	4833	8005	7213	0.7334604723261644	0.7957625087044372	0.8541992488498727	0	https://s3-us-west-2.amazonaws.com/allennlp/datasets/squad/squad-dev-v1.1.json	0.6390728476821192	0.6358561967833491	0.7379221674757501	3.962685009444896	0.5146641438032167	0.5970671712393567
28	5	0.2732261116367077	0.31125827814569534	0.3671739978152336	5.430073080914103	0.2237464522232734	0.2993377483443709	utf-8	[260]	[259]	5	characters	True	single_id	squad	14	16	[['passage', 'num_tokens'], ['question', 'num_tokens']]	bucket	0.1197094889534897	True	0.15582227965917994	333	1056	2	lstm	2	True	0.1755898462986798	132	335	2	lstm	x,y,x*y	264	264	linear	True	0.38452604136253465	495	3054	1	lstm	0.08092088964106386	57	262	57	[1, 2, 3, 4, 5]	47	cnn	character_encoding	100	https://s3-us-west-2.amazonaws.com/allennlp/datasets/glove/glove.6B.100d.txt.gz	False	embedding	bidaf	7661.648	6891	8115	7937	7597	8089	7735	7477	8005	https://s3-us-west-2.amazonaws.com/allennlp/datasets/squad/squad-train-v1.1.json	0	8.911596379435577	0.5	max	2	reduce_on_plateau	20	['0.9764289568881915', '0.9966645474916471']	0.00494432800433984	adam	10	+em	7661.648	26451.0	0.1583693877783993	0.23224009406500074	14	0.26794755731966385	6529	4551	6521	5811	7307	629	4441	6305	6.244806134036687	0.13932807452139864	0.22323314193084395	0	https://s3-us-west-2.amazonaws.com/allennlp/datasets/squad/squad-dev-v1.1.json	0.23443708609271524	0.2818353831598865	0.3379187386732512	5.834537416651462	0.18959318826868496	0.2671712393566698
29	19	0.2704824976348155	0.34824976348155157	0.3997796048929611	5.328915608632583	0.21920529801324504	0.2837275307473983	utf-8	[260]	[259]	5	characters	True	single_id	squad	19	16	[['passage', 'num_tokens'], ['question', 'num_tokens']]	bucket	0.0913352655701708	True	0.27729778079689277	109	2488	2	lstm	3	True	0.4131480256795093	311	335	2	lstm	x,y,x*y	622	622	linear	True	0.46530622506159575	356	3142	2	lstm	0.2715103692704849	61	262	61	[1, 2, 3, 4, 5]	47	cnn	character_encoding	100	https://s3-us-west-2.amazonaws.com/allennlp/datasets/glove/glove.6B.100d.txt.gz	False	embedding	bidaf	7662.692	8041	7609	7985	7569	0	0	0	0	https://s3-us-west-2.amazonaws.com/allennlp/datasets/squad/squad-train-v1.1.json	0	9.375001097354382	0.5	max	2	reduce_on_plateau	20	['0.9733238874793866', '0.9557040438128781']	5.1410683759749815e-06	adam	10	+em	7662.692	37104.0	0.2190550120435165	0.33695590132307446	19	0.350934722824574	6799	7609	10	7569	0	0	0	0	5.442006244964252	0.1982328565394582	0.2649002842498202	0	https://s3-us-west-2.amazonaws.com/allennlp/datasets/squad/squad-dev-v1.1.json	0.2704824976348155	0.34824976348155157	0.3997796048929611	5.328915608632583	0.21920529801324504	0.2837275307473983
30	18	0.20823084200567643	0.24616840113528854	0.29580425155295387	6.088724493439367	0.17228003784295176	0.22980132450331126	utf-8	[260]	[259]	5	characters	True	single_id	squad	19	16	[['passage', 'num_tokens'], ['question', 'num_tokens']]	bucket	0.4094748664035046	True	0.49096462764903026	401	848	1	lstm	1	True	0.30512724811434566	106	300	3	lstm	x,y,x*y	212	212	linear	True	0.08806363447320353	253	3254	1	lstm	0.17455549760415684	61	262	61	[1, 2, 3, 4, 5]	40	cnn	character_encoding	100	https://s3-us-west-2.amazonaws.com/allennlp/datasets/glove/glove.6B.100d.txt.gz	False	embedding	bidaf	7648.828	6879	7953	7535	8009	5371	6425	6039	5673	https://s3-us-west-2.amazonaws.com/allennlp/datasets/squad/squad-train-v1.1.json	0	6.466050783034145	0.5	max	2	reduce_on_plateau	20	['0.9351445330820294', '0.9171016066404107']	0.003270097832829089	adam	10	+em	7648.828	31831.000000000004	0.14032123654379616	0.21024212605166726	19	0.23415031560634458	4587	7417	5295	6303	4181	2373	5579	2763	6.697919523160752	0.12654254043995936	0.19785613991027295	0	https://s3-us-west-2.amazonaws.com/allennlp/datasets/squad/squad-dev-v1.1.json	0.1944181646168401	0.24096499526963103	0.2860457276063719	6.018395006927167	0.16130558183538315	0.22488174077578052
31	18	0.05089877010406812	0.12904446546830653	0.14337662714646404	7.6142177574573235	0.039829706717123936	0.078240302743614	utf-8	[260]	[259]	5	characters	True	single_id	squad	19	16	[['passage', 'num_tokens'], ['question', 'num_tokens']]	bucket	0.09702387154205333	True	0.12237733558555863	220	2072	1	lstm	2	True	0.32104868491102273	259	217	1	lstm	x,y,x*y	518	518	linear	True	0.49200953527064806	454	3392	3	lstm	0.491765715630561	20	262	20	[1, 2, 3]	39	cnn	character_encoding	100	https://s3-us-west-2.amazonaws.com/allennlp/datasets/glove/glove.6B.100d.txt.gz	False	embedding	bidaf	7698.672	6829	8047	7985	7571	5887	5709	3283	6373	https://s3-us-west-2.amazonaws.com/allennlp/datasets/squad/squad-train-v1.1.json	0	7.918271907829306	0.5	max	2	reduce_on_plateau	20	['0.9538996323367073', '0.9449942153808122']	1.2614812894397883e-06	adam	10	+em	7698.672	36329.0	0.04390461078322812	0.12583476980330827	19	0.1257830909934043	6829	8047	4647	7571	5887	5709	2757	6373	7.606045152237426	0.04066256464114887	0.08214705647324741	0	https://s3-us-west-2.amazonaws.com/allennlp/datasets/squad/squad-dev-v1.1.json	0.0489120151371807	0.13197729422894985	0.14348905265921444	7.583239465185446	0.038505203405865655	0.07918637653736992
32	17	0.14011352885525072	0.18344370860927153	0.21911465311308026	7.245042174017556	0.1162724692526017	0.16121097445600757	utf-8	[260]	[259]	5	characters	True	single_id	squad	19	16	[['passage', 'num_tokens'], ['question', 'num_tokens']]	bucket	0.38340208995425645	True	0.3370762073116657	111	664	1	lstm	1	True	0.40494119954842894	83	168	1	lstm	x,y,x*y	166	166	linear	True	0.3525867906745377	387	1330	1	lstm	0.29257409330468365	28	262	28	[1, 2, 3, 4]	17	cnn	character_encoding	100	https://s3-us-west-2.amazonaws.com/allennlp/datasets/glove/glove.6B.100d.txt.gz	False	embedding	bidaf	7636.636	7847	8103	8059	8079	6715	7065	7465	6343	https://s3-us-west-2.amazonaws.com/allennlp/datasets/squad/squad-train-v1.1.json	0	8.958487694570142	0.5	max	2	reduce_on_plateau	20	['0.9655245009058153', '0.9530813366248984']	0.0071177925584817794	adam	10	+em	7636.636	20959.0	0.07367664014429388	0.13465907145058734	19	0.15938295695703145	6497	4081	6979	6579	0	0	0	0	9.303423613282643	0.06723821048185481	0.13120012785534083	0	https://s3-us-west-2.amazonaws.com/allennlp/datasets/squad/squad-dev-v1.1.json	0.13784295175023653	0.18315988647114476	0.2181103329294615	7.708628782886961	0.11390728476821192	0.1631031220435194
33	17	0.6218543046357616	0.6279091769157994	0.722563702580535	2.921657979488373	0.4997161778618732	0.5845789971617786	utf-8	[260]	[259]	5	characters	True	single_id	squad	19	16	[['passage', 'num_tokens'], ['question', 'num_tokens']]	bucket	0.2745887376587879	True	0.4093171326017325	496	1824	1	lstm	3	True	0.29756463620027956	228	271	3	lstm	x,y,x*y	456	456	linear	True	0.0734729893312347	316	4800	3	lstm	0.45250389589143186	36	262	36	[1, 2, 3]	57	cnn	character_encoding	100	https://s3-us-west-2.amazonaws.com/allennlp/datasets/glove/glove.6B.100d.txt.gz	False	embedding	bidaf	7689.5	6987	7853	7905	8061	7365	7825	7785	7963	https://s3-us-west-2.amazonaws.com/allennlp/datasets/squad/squad-train-v1.1.json	0	6.992238779894395	0.5	max	2	reduce_on_plateau	20	['0.9410029287793031', '0.9689186678989598']	0.001013821070575491	adam	10	+em	7689.5	42469.0	0.6569138917110926	0.7415838080343383	19	0.7873779262502244	6987	6865	7769	6921	6207	5821	6735	7639	1.8918170872779743	0.6050069064715351	0.6964006438429663	0	https://s3-us-west-2.amazonaws.com/allennlp/datasets/squad/squad-dev-v1.1.json	0.6074739829706717	0.6107852412488174	0.7159444098201588	3.2234226461618283	0.4825922421948912	0.5776726584673605
34	0	0.0489120151371807	0.08391674550614948	0.10833668751849657	7.746690742908195	0.03954588457899716	0.08079470198675497	utf-8	[260]	[259]	5	characters	True	single_id	squad	9	16	[['passage', 'num_tokens'], ['question', 'num_tokens']]	bucket	0.20211716262617113	True	0.26270996578818134	177	2704	1	lstm	1	True	0.4133935181122658	338	355	3	lstm	x,y,x*y	676	676	linear	True	0.14331528125864323	102	3766	1	lstm	0.04795806011487802	60	262	60	[1, 2, 3, 4, 5]	51	cnn	character_encoding	100	https://s3-us-west-2.amazonaws.com/allennlp/datasets/glove/glove.6B.100d.txt.gz	False	embedding	bidaf	7653.456	7963	7757	6779	7119	7197	7225	7621	6929	https://s3-us-west-2.amazonaws.com/allennlp/datasets/squad/squad-train-v1.1.json	0	6.141224970759422	0.5	max	2	reduce_on_plateau	20	['0.973047455282564', '0.9414582714504345']	0.004643413168016738	adam	10	+em	7653.456	17181.0	0.005148460598865283	0.02857338554093083	9	0.06978448185064377	6643	7137	6779	7119	7189	4721	7053	6929	9.42070143834641	0.003949816778730351	0.027865614904279728	0	https://s3-us-west-2.amazonaws.com/allennlp/datasets/squad/squad-dev-v1.1.json	0.016461684011352885	0.035193945127719964	0.07934412553559168	9.133061483299498	0.010879848628192999	0.03755912961210974
35	0	0.012204351939451278	0.01466414380321665	0.04820922303143743	9.75794559888508	0.00510879848628193	0.021475875118259224	utf-8	[260]	[259]	5	characters	True	single_id	squad	9	16	[['passage', 'num_tokens'], ['question', 'num_tokens']]	bucket	0.0781915313609301	True	0.3914140838975861	494	840	2	lstm	1	True	0.2876547749003763	105	184	2	lstm	x,y,x*y	210	210	linear	True	0.4841129290947016	350	3804	3	lstm	0.497328376062367	48	262	48	[1, 2, 3, 4]	21	cnn	character_encoding	100	https://s3-us-west-2.amazonaws.com/allennlp/datasets/glove/glove.6B.100d.txt.gz	False	embedding	bidaf	7668.728	6875	7953	8001	8009	6169	6171	7599	5975	https://s3-us-west-2.amazonaws.com/allennlp/datasets/squad/squad-train-v1.1.json	0	8.770793831416935	0.5	max	2	reduce_on_plateau	20	['0.9034696953377744', '0.9497963211879655']	0.03790589501551604	adam	10	+em	7668.728	21895.0	0.0006621080149316773	0.02256875078482631	9	0.0649670530181784	4271	7953	4587	5669	10	1189	10	5975	9.877964089624413	0.00035388531832555165	0.013721617826687519	0	https://s3-us-west-2.amazonaws.com/allennlp/datasets/squad/squad-dev-v1.1.json	0.0	0.03415326395458846	0.06585637851093058	9.701039664864359	0.0	0.021475875118259224
36	0	0.017218543046357615	0.060832544938505206	0.09024551311957146	8.49319320799904	0.014096499526963104	0.0478713339640492	utf-8	[260]	[259]	5	characters	True	single_id	squad	9	16	[['passage', 'num_tokens'], ['question', 'num_tokens']]	bucket	0.2592030939742347	True	0.21513891781539635	92	768	2	lstm	2	True	0.1662953977322847	96	228	2	lstm	x,y,x*y	192	192	linear	True	0.4253372370644412	244	1320	2	lstm	0.1839402347498456	38	262	38	[1, 2, 3, 4]	32	cnn	character_encoding	100	https://s3-us-west-2.amazonaws.com/allennlp/datasets/glove/glove.6B.100d.txt.gz	False	embedding	bidaf	7637.332	7873	7753	7179	7945	7771	7185	8037	7601	https://s3-us-west-2.amazonaws.com/allennlp/datasets/squad/squad-train-v1.1.json	0	9.127787485778605	0.5	max	2	reduce_on_plateau	20	['0.917402710704469', '0.944264585330278']	0.015888788328017454	adam	10	+em	7637.332	13806.0	0.0008675898126690944	0.009714722770807887	9	0.06780677437148233	6647	7751	5759	3735	7509	3745	6797	5315	10.954600777473624	0.0003424696628956952	0.013390563819221681	0	https://s3-us-west-2.amazonaws.com/allennlp/datasets/squad/squad-dev-v1.1.json	0.007663197729422895	0.01315042573320719	0.06582524025255822	9.759420159725126	0.0020813623462630085	0.021381267738883634
37	19	0.554399243140965	0.5666982024597919	0.6637109812183971	3.2557395866166083	0.44541154210028383	0.540964995269631	utf-8	[260]	[259]	5	characters	True	single_id	squad	19	16	[['passage', 'num_tokens'], ['question', 'num_tokens']]	bucket	0.3350226909907029	True	0.1245465532497666	381	1672	1	lstm	1	True	0.22881361949585904	209	260	3	lstm	x,y,x*y	418	418	linear	True	0.16316431462795883	218	3958	2	lstm	0.4404760090944624	27	262	27	[1, 2, 3, 4, 5]	32	cnn	character_encoding	100	https://s3-us-west-2.amazonaws.com/allennlp/datasets/glove/glove.6B.100d.txt.gz	False	embedding	bidaf	7668.836	7825	7853	7905	8061	7365	7825	7183	7833	https://s3-us-west-2.amazonaws.com/allennlp/datasets/squad/squad-train-v1.1.json	0	7.6135642893300215	0.5	max	2	reduce_on_plateau	20	['0.9747298026282931', '0.9908937193030084']	0.002726592773978052	adam	10	+em	7668.836	34083.0	0.4317743353234626	0.5254055411591456	19	0.571353745558611	6985	6563	7847	8061	6207	5821	6007	6737	3.799522805301022	0.38575782828571104	0.473270242810991	0	https://s3-us-west-2.amazonaws.com/allennlp/datasets/squad/squad-dev-v1.1.json	0.554399243140965	0.5666982024597919	0.6637109812183971	3.2557395866166083	0.44541154210028383	0.540964995269631
38	6	0.6525070955534532	0.6666035950804162	0.7534662109890967	2.580663902135552	0.5337748344370861	0.6147587511825923	utf-8	[260]	[259]	5	characters	True	single_id	squad	15	16	[['passage', 'num_tokens'], ['question', 'num_tokens']]	bucket	0.33094779321935897	True	0.11455288006732661	97	2632	1	lstm	3	True	0.12047902788798026	329	205	1	lstm	x,y,x*y	658	658	linear	True	0.2516754819097848	392	3214	2	lstm	0.014619600881830674	49	262	49	[1, 2, 3, 4, 5]	21	cnn	character_encoding	100	https://s3-us-west-2.amazonaws.com/allennlp/datasets/glove/glove.6B.100d.txt.gz	False	embedding	bidaf	7665.136	7825	7853	7905	6303	7841	7825	7183	7833	https://s3-us-west-2.amazonaws.com/allennlp/datasets/squad/squad-train-v1.1.json	0	7.592837248335322	0.5	max	2	reduce_on_plateau	20	['0.9766551105932869', '0.9227388420197437']	0.00023806993510731676	adam	10	+em	7664.664	25100.0	0.8017899747714015	0.9251817943127205	15	0.900813237271758	5373	6245	7905	6303	5767	7823	6007	6737	0.9544984200025258	0.7465952807680453	0.7670863822646378	0	https://s3-us-west-2.amazonaws.com/allennlp/datasets/squad/squad-dev-v1.1.json	0.6373699148533586	0.6391674550614947	0.7447078670226347	3.8452126037515417	0.507852412488174	0.6039735099337749
39	19	0.374077578051088	0.42866603595080416	0.4927913079045714	4.613959482686422	0.2986754966887417	0.3669820245979186	utf-8	[260]	[259]	5	characters	True	single_id	squad	19	16	[['passage', 'num_tokens'], ['question', 'num_tokens']]	bucket	0.33575789844832554	True	0.14385995276572805	507	2112	1	lstm	3	True	0.3461985982926128	264	296	3	lstm	x,y,x*y	528	528	linear	True	0.48748188404247217	380	5154	1	lstm	0.2121200378670734	35	262	35	[1, 2, 3, 4]	49	cnn	character_encoding	100	https://s3-us-west-2.amazonaws.com/allennlp/datasets/glove/glove.6B.100d.txt.gz	False	embedding	bidaf	7681.18	7873	7757	7619	7945	8041	7225	8037	7879	https://s3-us-west-2.amazonaws.com/allennlp/datasets/squad/squad-train-v1.1.json	0	7.995791040859354	0.5	max	2	reduce_on_plateau	20	['0.944620919834182', '0.9898038465633263']	9.022140030887772e-06	adam	10	+em	7681.18	39477.0	0.3085195036473019	0.4111462459617119	19	0.4444296883874641	6275	7757	6779	7119	7189	4721	7053	6929	4.715552535601402	0.27581365084076304	0.35251543967396887	0	https://s3-us-west-2.amazonaws.com/allennlp/datasets/squad/squad-dev-v1.1.json	0.374077578051088	0.42866603595080416	0.4927913079045714	4.613959482686422	0.2986754966887417	0.3669820245979186
40	7	0.646546830652791	0.6556291390728477	0.745727494563702	2.6720903975700288	0.5237464522232734	0.605771050141911	utf-8	[260]	[259]	5	characters	True	single_id	squad	16	16	[['passage', 'num_tokens'], ['question', 'num_tokens']]	bucket	0.19418202958129155	True	0.15684800447267677	370	1568	1	lstm	3	True	0.19916960309816123	196	335	1	lstm	x,y,x*y	392	392	linear	True	0.33131003789176283	75	3788	2	lstm	0.24880982954314423	31	262	31	[1, 2, 3, 4, 5]	47	cnn	character_encoding	100	https://s3-us-west-2.amazonaws.com/allennlp/datasets/glove/glove.6B.100d.txt.gz	False	embedding	bidaf	7650.04	5953	7953	7535	7721	5371	6949	6767	5673	https://s3-us-west-2.amazonaws.com/allennlp/datasets/squad/squad-train-v1.1.json	0	7.574894676402016	0.5	max	2	reduce_on_plateau	20	['0.9060159543366696', '0.9573238466492988']	0.00010386189219476279	adam	10	+em	7650.04	23979.0	0.7982967842098654	0.8713341476500873	16	0.9056076756196044	5953	6381	4587	4581	3015	10	2379	1817	0.94306410482485	0.7473943766481352	0.8195527346202582	0	https://s3-us-west-2.amazonaws.com/allennlp/datasets/squad/squad-dev-v1.1.json	0.6232734153263955	0.6265846736045412	0.7320516326588278	3.779035379594465	0.49839167455061495	0.5872280037842952
41	8	0.6725638599810785	0.6665089877010407	0.7651553697309911	2.5543074226415463	0.5457899716177862	0.6299905392620624	utf-8	[260]	[259]	5	characters	True	single_id	squad	17	16	[['passage', 'num_tokens'], ['question', 'num_tokens']]	bucket	0.49340146015807224	True	0.22044670026755914	316	2296	2	lstm	3	True	0.22896648858196683	287	184	1	lstm	x,y,x*y	574	574	linear	True	0.3587862098132915	346	4192	1	lstm	0.3691635434259159	52	262	52	[1, 2, 3, 4]	21	cnn	character_encoding	100	https://s3-us-west-2.amazonaws.com/allennlp/datasets/glove/glove.6B.100d.txt.gz	False	embedding	bidaf	7649.592	7873	7961	7179	8049	8041	7363	8037	7601	https://s3-us-west-2.amazonaws.com/allennlp/datasets/squad/squad-train-v1.1.json	0	9.095385936374193	0.5	max	2	reduce_on_plateau	20	['0.9437247911192655', '0.9716313226395807']	0.00025092003283475983	adam	10	+em	7649.592	27407.0	0.7923492277309102	0.8573499697485131	17	0.9001548225387509	6647	7757	5761	6261	4771	7195	7621	6535	0.951689403152357	0.7442550714049248	0.8262194773912944	0	https://s3-us-west-2.amazonaws.com/allennlp/datasets/squad/squad-dev-v1.1.json	0.6597918637653737	0.6561021759697256	0.7565166689537042	3.503656617902591	0.5318826868495743	0.6163670766319773
42	11	0.6440870387890255	0.6477767265846736	0.7434569092663248	2.8133791135046375	0.515042573320719	0.6011352885525071	utf-8	[260]	[259]	5	characters	True	single_id	squad	19	16	[['passage', 'num_tokens'], ['question', 'num_tokens']]	bucket	0.35299342962732344	True	0.048709429616954236	504	2208	1	lstm	1	True	0.21997944372278916	276	238	2	lstm	x,y,x*y	552	552	linear	True	0.22371607564825402	348	5232	2	lstm	0.04621546644782448	25	262	25	[1, 2, 3]	46	cnn	character_encoding	100	https://s3-us-west-2.amazonaws.com/allennlp/datasets/glove/glove.6B.100d.txt.gz	False	embedding	bidaf	7681.22	7489	8049	7985	7571	7215	7675	8005	8083	https://s3-us-west-2.amazonaws.com/allennlp/datasets/squad/squad-train-v1.1.json	0	8.736284689207908	0.5	max	2	reduce_on_plateau	20	['0.9845405980771348', '0.9089848248104732']	9.280402031008214e-05	adam	10	+em	7681.22	36693.0	0.8305916734209294	0.9210150800808229	19	0.9199370290418507	7489	8049	5889	5627	4519	4833	8005	7213	0.7766376941674921	0.7826915832372515	0.8180002054817977	0	https://s3-us-west-2.amazonaws.com/allennlp/datasets/squad/squad-dev-v1.1.json	0.6267738883632923	0.6322611163670766	0.7359511764967475	4.066862753317684	0.5008514664143803	0.5923368022705771
