	Unnamed: 0	best_epoch	best_validation_accuracy	best_validation_accuracy3	best_validation_f1-measure-overall	best_validation_loss	best_validation_precision-overall	best_validation_recall-overall	dataset_reader.coding_scheme	dataset_reader.tag_label	dataset_reader.token_indexers.token_characters.min_padding_length	dataset_reader.token_indexers.token_characters.type	dataset_reader.token_indexers.tokens.lowercase_tokens	dataset_reader.token_indexers.tokens.type	dataset_reader.type	epoch	evaluate_on_test	iterator.batch_size	iterator.type	model.dropout	model.encoder.bidirectional	model.encoder.dropout	model.encoder.hidden_size	model.encoder.input_size	model.encoder.num_layers	model.encoder.type	model.include_start_end_transitions	model.label_encoding	model.regularizer	model.text_field_embedder.token_embedders.token_characters.embedding.embedding_dim	model.text_field_embedder.token_embedders.token_characters.encoder.conv_layer_activation	model.text_field_embedder.token_embedders.token_characters.encoder.embedding_dim	model.text_field_embedder.token_embedders.token_characters.encoder.ngram_filter_sizes	model.text_field_embedder.token_embedders.token_characters.encoder.num_filters	model.text_field_embedder.token_embedders.token_characters.encoder.type	model.text_field_embedder.token_embedders.token_characters.type	model.text_field_embedder.token_embedders.tokens.embedding_dim	model.text_field_embedder.token_embedders.tokens.pretrained_file	model.text_field_embedder.token_embedders.tokens.trainable	model.text_field_embedder.token_embedders.tokens.type	model.type	peak_cpu_memory_MB	peak_gpu_0_memory_MB	peak_gpu_1_memory_MB	peak_gpu_2_memory_MB	peak_gpu_3_memory_MB	test_accuracy	test_accuracy3	test_data_path	test_f1-measure-overall	test_loss	test_precision-overall	test_recall-overall	train_data_path	trainer.cuda_device	trainer.grad_norm	trainer.learning_rate_scheduler.factor	trainer.learning_rate_scheduler.patience	trainer.learning_rate_scheduler.type	trainer.num_epochs	trainer.num_serialized_models_to_keep	trainer.optimizer.lr	trainer.optimizer.type	trainer.patience	trainer.validation_metric	training_accuracy	training_accuracy3	training_cpu_memory_MB	training_duration	training_epochs	training_f1-measure-overall	training_gpu_0_memory_MB	training_gpu_1_memory_MB	training_gpu_2_memory_MB	training_gpu_3_memory_MB	training_loss	training_precision-overall	training_recall-overall	training_start_epoch	validation_accuracy	validation_accuracy3	validation_data_path	validation_f1-measure-overall	validation_loss	validation_precision-overall	validation_recall-overall	dataset_reader.sample	embedding
28	28	19	0.9833729216152018	0.9855729917059304	0.9218183351606146	54.814932860580136	0.9239222316145392	0.919723998653652	BIOUL	ner	3	characters	True	single_id	conll2003	43	True	64	basic	0.2744355110850681	True	0.3642400663751846	404	125	2	lstm	False	BIOUL	[['scalar_parameters', {'alpha': '0.007504885584070026', 'type': 'l2'}]]	17	relu	17	[1, 2, 3]	25	cnn	character_encoding	50	https://s3-us-west-2.amazonaws.com/allennlp/datasets/glove/glove.6B.50d.txt.gz	True	embedding	crf_tagger	2674.6479999999997	1323	0	0	0	0.9725853343383224	0.9759448691719608	s3://suching-dev/ner-2003/test.txt	0.877846425419191	79.57475090026854	0.8752199929602252	0.8804886685552408	s3://suching-dev/ner-2003/train.txt	0	7.717471690350123	0.5	2	reduce_on_plateau	75	1	0.0003143191072298833	adam	25	+f1-measure-overall	0.9843631059664768	0.9862342292789056	2674.6479999999997	3823.0000000000014	43	0.9216004787756524	1323	0	0	0	45.442861400951045	0.9257955082234725	0.9174432954593812	0	0.9831976947938164	0.9854756434718274	s3://suching-dev/ner-2003/dev.txt	0.921221322537062	54.63521736743404	0.9234020967196483	0.9190508246381691	10000	glove
42	42	27	0.9809002764689848	0.9833923912620224	0.9089836507668472	68.59893523010552	0.9103646185010128	0.907606866374958	BIOUL	ner	3	characters	True	single_id	conll2003	51	True	64	basic	0.17349638891016045	True	0.31866289246297874	349	227	3	lstm	False	BIOUL	[['scalar_parameters', {'alpha': '0.06347906132318497', 'type': 'l2'}]]	48	relu	48	[1, 2, 3]	59	cnn	character_encoding	50	https://s3-us-west-2.amazonaws.com/allennlp/datasets/glove/glove.6B.50d.txt.gz	True	embedding	crf_tagger	2696.26	2219	0	0	0	0.9699580058145796	0.9735113599655432	s3://suching-dev/ner-2003/test.txt	0.8662847069192979	88.34444771872627	0.8625592417061612	0.8700424929178471	s3://suching-dev/ner-2003/train.txt	0	6.27593029003776	0.5	2	reduce_on_plateau	75	1	0.00016596318035584043	adam	25	+f1-measure-overall	0.9799529518075248	0.9823102725160959	2696.26	4954.0	51	0.8975317875840936	2219	0	0	0	62.865792326493704	0.9014423076923076	0.8936550491510277	0	0.9808029282348818	0.9832950430279196	s3://suching-dev/ner-2003/dev.txt	0.9083094555873428	68.54273264080871	0.9096893990546928	0.9069336923594751	10000	glove
9	9	18	0.9764027880534248	0.9792453564892332	0.8897370653095343	92.32002155453553	0.8968878248974008	0.8826994278020869	BIOUL	ner	3	characters	True	single_id	conll2003	42	True	64	basic	0.24671464943762636	True	0.4922871506048	445	166	1	lstm	False	BIOUL	[['scalar_parameters', {'alpha': '0.026446411631446978', 'type': 'l2'}]]	19	relu	19	[1, 2, 3, 4]	29	cnn	character_encoding	50	https://s3-us-west-2.amazonaws.com/allennlp/datasets/glove/glove.6B.50d.txt.gz	True	embedding	crf_tagger	2655.732	1467	0	0	0	0.9665123290621298	0.9703025734898244	s3://suching-dev/ner-2003/test.txt	0.8466442358774071	100.92566984671132	0.8467941905773999	0.8464943342776204	s3://suching-dev/ner-2003/train.txt	0	9.743849296240224	0.5	2	reduce_on_plateau	75	1	0.00014632438635138703	adam	25	+f1-measure-overall	0.9705973352453824	0.9740105391880012	2655.732	3689.0000000000014	42	0.8579900728420825	1467	0	0	0	96.74354119734329	0.8665364583333334	0.8496106217285841	0	0.9761107433511156	0.9789922510805654	s3://suching-dev/ner-2003/dev.txt	0.8886627660476054	91.71394583758186	0.8955734062553409	0.8818579602827331	10000	glove
5	5	73	0.8347416377866905	0.8522643199252365	0.0198741305067872	654.7063574697457	0.6249999999999993	0.010097610232245036	BIOUL	ner	3	characters	True	single_id	conll2003	74	True	64	basic	0.4714653823147635	True	0.3644093505206332	330	160	3	lstm	False	BIOUL	[['scalar_parameters', {'alpha': '0.20040368819006685', 'type': 'l2'}]]	61	relu	61	[1, 2, 3, 4, 5]	22	cnn	character_encoding	50	https://s3-us-west-2.amazonaws.com/allennlp/datasets/glove/glove.6B.50d.txt.gz	True	embedding	crf_tagger	2688.36	2357	0	0	0	0.8271993108646495	0.8521373963605039	s3://suching-dev/ner-2003/test.txt	0.017748390464586837	568.9677463107638	0.5151515151515146	0.00902974504249292	s3://suching-dev/ner-2003/train.txt	0	6.581017608375815	0.5	2	reduce_on_plateau	75	1	1.4688920046274827e-05	adam	25	+f1-measure-overall	0.8332342931230079	0.8576325624567209	2688.36	7041.0	74	0.016765572477896975	2357	0	0	0	641.1739508888937	0.33779264214046817	0.008596110472786076	0	0.8347416377866905	0.8522643199252365	s3://suching-dev/ner-2003/dev.txt	0.0198741305067872	654.6796713436353	0.6249999999999993	0.010097610232245036	10000	glove
25	25	30	0.9787196760250768	0.9813675479926794	0.8967606226335217	56.59507754737256	0.8966851758371193	0.8968360821272299	BIOUL	ner	3	characters	True	single_id	conll2003	54	True	64	basic	0.4202567967310064	True	0.2972271639348428	258	194	1	lstm	False	BIOUL	[['scalar_parameters', {'alpha': '0.10342250468961703', 'type': 'l2'}]]	39	relu	39	[1, 2, 3, 4]	36	cnn	character_encoding	50	https://s3-us-west-2.amazonaws.com/allennlp/datasets/glove/glove.6B.50d.txt.gz	True	embedding	crf_tagger	2653.244	1699	0	0	0	0.9636911812210616	0.9678259933240012	s3://suching-dev/ner-2003/test.txt	0.8318802289739702	92.88686301973131	0.8275801647100053	0.8362252124645893	s3://suching-dev/ner-2003/train.txt	0	9.729878172302033	0.5	2	reduce_on_plateau	75	1	0.03824756643195686	adam	25	+f1-measure-overall	0.989711277324048	0.9914399791770004	2653.244	4881.0	54	0.9553841564750002	1699	0	0	0	19.13684553449804	0.9566887134627694	0.9540831524745734	0	0.9785833884973326	0.9812701997585764	s3://suching-dev/ner-2003/dev.txt	0.8962557846023902	56.64063715467266	0.8961803802793202	0.8963312016156176	10000	glove
16	16	21	0.9767532416961956	0.979848915540672	0.8852376137512139	89.01062481076109	0.8864326695916301	0.8840457758330529	BIOUL	ner	3	characters	True	single_id	conll2003	45	True	64	basic	0.05861012143276356	True	0.2630057443016209	398	218	3	lstm	False	BIOUL	[['scalar_parameters', {'alpha': '0.8629774245935932', 'type': 'l2'}]]	60	relu	60	[1, 2, 3, 4]	42	cnn	character_encoding	50	https://s3-us-west-2.amazonaws.com/allennlp/datasets/glove/glove.6B.50d.txt.gz	True	embedding	crf_tagger	2699.552	2475	0	0	0	0.9665338645418328	0.9704963928071498	s3://suching-dev/ner-2003/test.txt	0.8440528634360734	102.4348867557667	0.8400561206594177	0.8480878186968839	s3://suching-dev/ner-2003/train.txt	0	5.199269264528389	0.5	2	reduce_on_plateau	75	1	9.527506531779737e-05	adam	25	+f1-measure-overall	0.9762254384370964	0.9790444011177628	2699.552	4342.0	45	0.8794614233810145	2475	0	0	0	79.27290341637352	0.8833884333004165	0.8755691731563046	0	0.9765196059343484	0.97945952260426	s3://suching-dev/ner-2003/dev.txt	0.8840188806472866	88.27903169744154	0.8855116514690983	0.8825311342982161	10000	glove
19	19	72	0.8544643900159651	0.8716366185117402	0.19296453072541853	606.4985747991824	0.727172717271727	0.11124200605856614	BIOUL	ner	3	characters	True	single_id	conll2003	74	True	64	basic	0.04324482045833522	True	0.2675599378249057	266	170	3	lstm	False	BIOUL	[['scalar_parameters', {'alpha': '0.29683249975729825', 'type': 'l2'}]]	61	relu	61	[1, 2, 3]	40	cnn	character_encoding	50	https://s3-us-west-2.amazonaws.com/allennlp/datasets/glove/glove.6B.50d.txt.gz	True	embedding	crf_tagger	2672.18	2089	0	0	0	0.8451599009367934	0.8695595994400775	s3://suching-dev/ner-2003/test.txt	0.16756011640371382	526.4683498806423	0.6208853575482406	0.0968484419263456	s3://suching-dev/ner-2003/train.txt	0	7.276654176772554	0.5	2	reduce_on_plateau	75	1	1.3763569140042112e-05	adam	25	+f1-measure-overall	0.8453646726025311	0.8692816556249109	2672.18	6633.0	74	0.11874039938554305	2089	0	0	0	574.1084045410156	0.6084218811491539	0.06579003361845184	0	0.8544643900159651	0.8716366185117402	s3://suching-dev/ner-2003/dev.txt	0.19296453072541853	606.4131774902344	0.727172717271727	0.11124200605856614	10000	glove
10	10	65	0.9081227366535572	0.92105058214244	0.5520121488230336	352.6800172095205	0.6329995646495429	0.4893975092561427	BIOUL	ner	3	characters	True	single_id	conll2003	74	True	64	basic	0.4210369638461831	True	0.2276225008215571	205	280	3	lstm	False	BIOUL	[['scalar_parameters', {'alpha': '0.002937991386502885', 'type': 'l2'}]]	47	relu	47	[1, 2, 3, 4, 5]	46	cnn	character_encoding	50	https://s3-us-west-2.amazonaws.com/allennlp/datasets/glove/glove.6B.50d.txt.gz	True	embedding	crf_tagger	2660.204	2115	0	0	0	0.9062560568536664	0.9206632927748466	s3://suching-dev/ner-2003/test.txt	0.5424887673373212	305.5092472500271	0.6050108932461874	0.4916784702549575	s3://suching-dev/ner-2003/train.txt	0	7.271612953472227	0.5	2	reduce_on_plateau	75	1	3.70936495172076e-05	adam	25	+f1-measure-overall	0.8923833985689099	0.9100976814768614	2660.204	7141.0	74	0.4629278736126686	2115	0	0	0	376.30068047263404	0.5488388376706733	0.40027235201497935	0	0.9081032670067364	0.9210311124956192	s3://suching-dev/ner-2003/dev.txt	0.5519726858876595	352.4236578847848	0.6323337679269883	0.4897340962638842	10000	glove
40	40	3	0.8036096725205405	0.8204314473735447	0.08905771868730156	2148.1803349513634	0.11937765205091938	0.07101985863345675	BIOUL	ner	3	characters	True	single_id	conll2003	27	True	64	basic	0.019484094917910037	True	0.016595704617397674	406	130	1	lstm	False	BIOUL	[['scalar_parameters', {'alpha': '0.01250262981350577', 'type': 'l2'}]]	43	relu	43	[1, 2, 3, 4]	20	cnn	character_encoding	50	https://s3-us-west-2.amazonaws.com/allennlp/datasets/glove/glove.6B.50d.txt.gz	True	embedding	crf_tagger	2655.5440000000003	1849	0	0	0	0.7825777969204264	0.8058361149994616	s3://suching-dev/ner-2003/test.txt	0.10857828434308224	1865.273484971788	0.12471290767110706	0.09614022662889518	s3://suching-dev/ner-2003/train.txt	0	9.849404220130292	0.5	2	reduce_on_plateau	75	1	2.12711719810744e-06	adam	25	+f1-measure-overall	0.8314221028282938	0.8558203721620069	2655.52	2406.0	27	0.001469147894213485	1849	0	0	0	858.9061469338156	0.017910447761194027	0.0007659900421294522	0	0.8319769479381643	0.8494996300767104	s3://suching-dev/ner-2003/dev.txt	0.0003249390739169576	931.8216385186888	0.004694835680751171	0.0001682935038707506	10000	glove
35	35	0	0.011818075620108252	0.029340757758654263	0.020806786643141523	2698.0703627642465	0.011607299355366429	0.10030292830696737	BIOUL	ner	3	characters	True	single_id	conll2003	24	True	64	basic	0.12036366401375925	True	0.4224292097363289	229	258	2	lstm	False	BIOUL	[['scalar_parameters', {'alpha': '0.003344766990857123', 'type': 'l2'}]]	17	relu	17	[1, 2, 3, 4]	52	cnn	character_encoding	50	https://s3-us-west-2.amazonaws.com/allennlp/datasets/glove/glove.6B.50d.txt.gz	True	embedding	crf_tagger	2654.9840000000004	3373	0	0	0	0.011672229998923226	0.03661031549477765	s3://suching-dev/ner-2003/test.txt	0.019942363112372585	2308.913347032335	0.011184862721434421	0.09189093484419264	s3://suching-dev/ner-2003/train.txt	0	8.208370844001763	0.5	2	reduce_on_plateau	75	1	2.171536674903608e-06	adam	25	+f1-measure-overall	0.8328119398293891	0.8572200313327211	2654.9840000000004	2096.0	24	0.0	3373	0	0	0	784.8563265713777	0.0	0.0	0	0.8325026284023208	0.8500253105408668	s3://suching-dev/ner-2003/dev.txt	0.0	849.9600728352866	0.0	0.0	10000	glove
12	12	16	0.9877925314434796	0.9895837389509754	0.9438693932508126	46.21901953454111	0.943948830163272	0.9437899697071692	BIOUL	ner	3	characters	True	single_id	conll2003	40	True	64	basic	0.2647404851551504	True	0.14143203694544745	204	360	1	lstm	False	BIOUL	[['scalar_parameters', {'alpha': '0.4956610155242118', 'type': 'l2'}]]	26	relu	26	[1, 2, 3, 4, 5]	62	cnn	character_encoding	50	https://s3-us-west-2.amazonaws.com/allennlp/datasets/glove/glove.6B.50d.txt.gz	True	embedding	crf_tagger	2651.284	2069	0	0	0	0.977064714116507	0.9798858619575752	s3://suching-dev/ner-2003/test.txt	0.8969482529853546	83.46893211647317	0.8962347534028637	0.8976628895184136	s3://suching-dev/ner-2003/train.txt	0	6.990530889052232	0.5	2	reduce_on_plateau	75	1	0.0017892387386234574	adam	25	+f1-measure-overall	0.9984922969634764	0.9986838292710476	2651.284	3747.0000000000014	40	0.9918875758543096	2069	0	0	0	4.199280494993383	0.9925850166197904	0.9911911145155112	0	0.9875978349752736	0.9893501031891282	s3://suching-dev/ner-2003/dev.txt	0.9432850891955072	46.63128359177534	0.9432850891955572	0.9432850891955572	10000	glove
13	13	25	0.9725867372765858	0.97560453253378	0.8680807910081475	99.15022051568127	0.8718383975555932	0.864355435880175	BIOUL	ner	3	characters	True	single_id	conll2003	49	True	64	basic	0.4333005159004155	True	0.3426655708522155	507	225	2	lstm	False	BIOUL	[['scalar_parameters', {'alpha': '0.001788988431072361', 'type': 'l2'}]]	29	relu	29	[1, 2, 3, 4, 5]	35	cnn	character_encoding	50	https://s3-us-west-2.amazonaws.com/allennlp/datasets/glove/glove.6B.50d.txt.gz	True	embedding	crf_tagger	2705.208	2021	0	0	0	0.9647464197264994	0.9685581996338968	s3://suching-dev/ner-2003/test.txt	0.8384070796459677	104.80910703870985	0.8381104033970276	0.8387039660056658	s3://suching-dev/ner-2003/train.txt	0	5.0239967464047846	0.5	2	reduce_on_plateau	75	1	0.00010264880986061329	adam	25	+f1-measure-overall	0.961251540852859	0.9653277412447636	2705.208	4793.0	49	0.8049790750079979	2021	0	0	0	121.76339895075016	0.8120020782819536	0.7980765138942083	0	0.9725477979829446	0.97560453253378	s3://suching-dev/ner-2003/dev.txt	0.8679851250844666	98.99322006749172	0.8718166383701188	0.8641871423763042	10000	glove
2	2	12	0.9873641992134262	0.9891359370741016	0.9421960454353728	36.7564120386161	0.9421167760390377	0.9422753281723324	BIOUL	ner	3	characters	True	single_id	conll2003	36	True	64	basic	0.4144832901105079	True	0.3345209031295176	119	166	1	lstm	False	BIOUL	[['scalar_parameters', {'alpha': '0.001047105191416853', 'type': 'l2'}]]	44	relu	44	[1, 2, 3, 4]	29	cnn	character_encoding	50	https://s3-us-west-2.amazonaws.com/allennlp/datasets/glove/glove.6B.50d.txt.gz	True	embedding	crf_tagger	2651.384	1783	0	0	0	0.9777107785075912	0.9803811779907398	s3://suching-dev/ner-2003/test.txt	0.8998497303986066	66.32579088211061	0.8984995586937334	0.9012039660056658	s3://suching-dev/ner-2003/train.txt	0	7.145677470206772	0.5	2	reduce_on_plateau	75	1	0.002369775590750201	adam	25	+f1-measure-overall	0.9943473413842384	0.9950594486816192	2651.384	3086.0	36	0.971435874496723	1783	0	0	0	13.589460453120143	0.9724923234390992	0.9703817183709944	0	0.9871889723920408	0.9889607102527159	s3://suching-dev/ner-2003/dev.txt	0.9415130859210138	36.916480513180005	0.9415923245244908	0.9414338606529788	10000	glove
24	24	27	0.9853198862972624	0.9873447295666056	0.9313478041392736	49.56165721369725	0.9311911170928668	0.9315045439246044	BIOUL	ner	3	characters	True	single_id	conll2003	51	True	64	basic	0.3112115215415379	True	0.2697892064809787	138	262	2	lstm	False	BIOUL	[['scalar_parameters', {'alpha': '0.005208808929826896', 'type': 'l2'}]]	61	relu	61	[1, 2, 3, 4]	53	cnn	character_encoding	50	https://s3-us-west-2.amazonaws.com/allennlp/datasets/glove/glove.6B.50d.txt.gz	True	embedding	crf_tagger	2652.744	2195	0	0	0	0.974674275869495	0.9779692042640251	s3://suching-dev/ner-2003/test.txt	0.8887908208296059	74.1318272308067	0.8861316437873988	0.8914660056657224	s3://suching-dev/ner-2003/train.txt	0	5.94044457639445	0.5	2	reduce_on_plateau	75	1	0.0005693552013596379	adam	25	+f1-measure-overall	0.98731957902181	0.9888763929064291	2652.708	4905.0	51	0.9364235866572264	2195	0	0	0	36.656266247142455	0.9392499357821732	0.9336141963487808	0	0.985300416650442	0.9873057902729644	s3://suching-dev/ner-2003/dev.txt	0.9311012029948182	49.51886554792815	0.9308662741799832	0.9313362504207338	10000	glove
41	41	24	0.9826136053891984	0.9849110237140298	0.9179223840390104	49.928274107914355	0.9183089102240188	0.9175361831033322	BIOUL	ner	3	characters	True	single_id	conll2003	48	True	64	basic	0.4443307069786224	True	0.4474330356520643	180	212	2	lstm	False	BIOUL	[['scalar_parameters', {'alpha': '0.003920707282848776', 'type': 'l2'}]]	37	relu	37	[1, 2, 3]	54	cnn	character_encoding	50	https://s3-us-west-2.amazonaws.com/allennlp/datasets/glove/glove.6B.50d.txt.gz	True	embedding	crf_tagger	2653.788	1761	0	0	0	0.9682782383977604	0.9718315925487241	s3://suching-dev/ner-2003/test.txt	0.8611086552912595	91.05158156818813	0.8599682147271764	0.8622521246458924	s3://suching-dev/ner-2003/train.txt	0	5.661088552902019	0.5	2	reduce_on_plateau	75	1	0.02265722305828976	adam	25	+f1-measure-overall	0.9896867219000004	0.9916069560605242	2653.788	4416.0	48	0.9547925059146504	1761	0	0	0	18.30900291746313	0.9564437612093262	0.9531469424230818	0	0.9824967875082746	0.9847747361862856	s3://suching-dev/ner-2003/dev.txt	0.9171856589799195	49.983339188145656	0.9173400673400672	0.91703130259172	10000	glove
45	45	1	0.6661539659670573	0.6798216580351233	0.021925213996046092	2489.700900208716	0.019793926247288502	0.024570851565129587	BIOUL	ner	3	characters	True	single_id	conll2003	25	True	64	basic	0.2371398474763153	True	0.1404691827045182	225	114	1	lstm	False	BIOUL	[['scalar_parameters', {'alpha': '0.0010134763298268413', 'type': 'l2'}]]	47	relu	47	[1, 2, 3, 4]	16	cnn	character_encoding	50	https://s3-us-west-2.amazonaws.com/allennlp/datasets/glove/glove.6B.50d.txt.gz	True	embedding	crf_tagger	2652.24	1873	0	0	0	0.6400344567675245	0.6586411112307526	s3://suching-dev/ner-2003/test.txt	0.02050818065289538	2137.324332908348	0.017859487852921862	0.024079320113314446	s3://suching-dev/ner-2003/train.txt	0	9.623286959036488	0.5	2	reduce_on_plateau	75	1	5.132808580168741e-06	adam	25	+f1-measure-overall	0.8327186292180079	0.8571218096365306	2652.24	2208.0	25	8.492208398750044e-05	1873	0	0	0	731.1375248302112	0.019230769230769197	4.255500234052513e-05	0	0.8324831587555002	0.8500058408940462	s3://suching-dev/ner-2003/dev.txt	0.0	785.3998849906174	0.0	0.0	10000	glove
52	52	18	0.9797905066002104	0.9825162571550952	0.9072426937737746	77.29117758133832	0.9133549377451816	0.9012117132278694	BIOUL	ner	3	characters	True	single_id	conll2003	42	True	64	basic	0.09957462267825384	True	0.015289371928643991	322	365	1	lstm	False	BIOUL	[['scalar_parameters', {'alpha': '0.00484521269294424', 'type': 'l2'}]]	18	relu	18	[1, 2, 3, 4, 5]	63	cnn	character_encoding	50	https://s3-us-west-2.amazonaws.com/allennlp/datasets/glove/glove.6B.50d.txt.gz	True	embedding	crf_tagger	2653.708	4651	0	0	0	0.9687735544309248	0.9721115537848606	s3://suching-dev/ner-2003/test.txt	0.8641997167138311	91.64750830332441	0.8641997167138811	0.8641997167138811	s3://suching-dev/ner-2003/train.txt	0	6.4226651293276165	0.5	2	reduce_on_plateau	75	1	0.000179407748771056	adam	25	+f1-measure-overall	0.9811758119250962	0.9834692885311436	2653.708	3848.0000000000014	42	0.9091025805622815	4651	0	0	0	62.172841930389396	0.9142672692059394	0.9039959147197754	0	0.9796736887192866	0.9823994392741716	s3://suching-dev/ner-2003/dev.txt	0.9066870073734564	76.88842367658428	0.9132661772238349	0.9002019522046449	10000	glove
34	34	24	0.9753708967719326	0.9779019508586114	0.8829431438126591	68.70115113725849	0.8773678963110668	0.8885897004375631	BIOUL	ner	3	characters	True	single_id	conll2003	48	True	64	basic	0.3478165448133141	True	0.3813636469373655	325	126	3	lstm	False	BIOUL	[['scalar_parameters', {'alpha': '0.10338915306500485', 'type': 'l2'}]]	32	relu	32	[1, 2, 3, 4]	19	cnn	character_encoding	50	https://s3-us-west-2.amazonaws.com/allennlp/datasets/glove/glove.6B.50d.txt.gz	True	embedding	crf_tagger	2690.908	1585	0	0	0	0.95731667922903	0.9607192850220738	s3://suching-dev/ner-2003/test.txt	0.8098063165241168	122.42619210702402	0.7982456140350878	0.8217067988668555	s3://suching-dev/ner-2003/train.txt	0	9.171747969785411	0.5	2	reduce_on_plateau	75	1	0.0100493672170567	adam	25	+f1-measure-overall	0.986887403558572	0.9890777473836196	2690.908	4623.0	48	0.9402011763702508	1585	0	0	0	24.75105797594244	0.9416862326574172	0.9387207966296438	0	0.9752540788910088	0.9777461936840466	s3://suching-dev/ner-2003/dev.txt	0.8821807843464673	69.0879611641753	0.8766827322586006	0.8877482329182094	10000	glove
26	26	40	0.9762859701725012	0.9790701296678478	0.8839278220729673	62.62470382802628	0.8816340197555668	0.8862335913833727	BIOUL	ner	3	characters	True	single_id	conll2003	64	True	64	basic	0.15829172716230722	True	0.3649395819988864	375	134	3	lstm	False	BIOUL	[['scalar_parameters', {'alpha': '0.8311891606824406', 'type': 'l2'}]]	61	relu	61	[1, 2, 3]	28	cnn	character_encoding	50	https://s3-us-west-2.amazonaws.com/allennlp/datasets/glove/glove.6B.50d.txt.gz	True	embedding	crf_tagger	2703.6040000000003	2115	0	0	0	0.9613222784537524	0.964811026165608	s3://suching-dev/ner-2003/test.txt	0.8252315835905984	99.48619591748272	0.8224019694039036	0.8280807365439093	s3://suching-dev/ner-2003/train.txt	0	9.424874702447422	0.5	2	reduce_on_plateau	75	1	0.02989910653608583	adam	25	+f1-measure-overall	0.985507388727096	0.9879678422166672	2703.6040000000003	6251.0	64	0.9365674823087572	2115	0	0	0	25.914953604611483	0.9382072853055472	0.9349334014213372	0	0.9762665005256804	0.9790117207273861	s3://suching-dev/ner-2003/dev.txt	0.8836858006041797	62.672378614837044	0.8813190492132574	0.8860652978795018	10000	glove
46	46	71	0.8714808613371754	0.8879911218410498	0.35228307532193714	505.55099203072336	0.7759312320916906	0.2278694042409963	BIOUL	ner	3	characters	True	single_id	conll2003	74	True	64	basic	0.4619899338308471	True	0.3999756840235422	416	134	2	lstm	False	BIOUL	[['scalar_parameters', {'alpha': '0.0012173669119015466', 'type': 'l2'}]]	16	relu	16	[1, 2, 3]	28	cnn	character_encoding	50	https://s3-us-west-2.amazonaws.com/allennlp/datasets/glove/glove.6B.50d.txt.gz	True	embedding	crf_tagger	2679.8	1305	0	0	0	0.866673845159901	0.8884677506191451	s3://suching-dev/ner-2003/test.txt	0.35003977724737684	437.4726548371492	0.6969376979936642	0.23371104815864024	s3://suching-dev/ner-2003/train.txt	0	7.375632637069312	0.5	2	reduce_on_plateau	75	1	2.17498498793379e-05	adam	25	+f1-measure-overall	0.8563065695581497	0.8780724974339582	2679.8	6796.0	74	0.2550036091606707	1305	0	0	0	528.7808456420898	0.556813297033959	0.16536873909528066	0	0.8714808613371754	0.8879911218410498	s3://suching-dev/ner-2003/dev.txt	0.35228307532193714	505.5000744987937	0.7759312320916906	0.2278694042409963	10000	glove
36	36	5	0.8024025544176628	0.8199252365562089	0.07714939522715278	1230.4743646359912	0.10942812982998454	0.05957590037024571	BIOUL	ner	3	characters	True	single_id	conll2003	29	True	64	basic	0.313952938351484	True	0.3425345288105274	375	98	2	lstm	False	BIOUL	[['scalar_parameters', {'alpha': '0.040427566575972684', 'type': 'l2'}]]	53	relu	53	[1, 2, 3]	16	cnn	character_encoding	50	https://s3-us-west-2.amazonaws.com/allennlp/datasets/glove/glove.6B.50d.txt.gz	True	embedding	crf_tagger	2675.5640000000003	2055	0	0	0	0.7960805426940885	0.821018628189943	s3://suching-dev/ner-2003/test.txt	0.11138067931181893	1053.1081503408927	0.1476608187134503	0.08941218130311615	s3://suching-dev/ner-2003/train.txt	0	8.65789200877815	0.5	2	reduce_on_plateau	75	1	0.09376877577067674	adam	25	+f1-measure-overall	0.8328119398293891	0.8572200313327211	2675.5640000000003	2698.0	29	0.0	2055	0	0	0	524.4259123368697	0.0	0.0	0	0.8325026284023208	0.8500253105408668	s3://suching-dev/ner-2003/dev.txt	0.0	566.0963864793964	0.0	0.0	10000	glove
18	18	27	0.9835092091429462	0.985748218527316	0.9223513559036052	60.733686260148595	0.923128792987188	0.9215752271962302	BIOUL	ner	3	characters	True	single_id	conll2003	51	True	64	basic	0.2835794347564689	True	0.13761042080773167	162	137	1	lstm	False	BIOUL	[['scalar_parameters', {'alpha': '0.018319881818136784', 'type': 'l2'}]]	49	relu	49	[1, 2, 3]	29	cnn	character_encoding	50	https://s3-us-west-2.amazonaws.com/allennlp/datasets/glove/glove.6B.50d.txt.gz	True	embedding	crf_tagger	2652.28	1673	0	0	0	0.96980725745666	0.972972972972973	s3://suching-dev/ner-2003/test.txt	0.8590378493101728	112.56403100049054	0.8581272084805653	0.8599504249291785	s3://suching-dev/ner-2003/train.txt	0	5.207263905796101	0.5	2	reduce_on_plateau	75	1	0.024150696726906156	adam	25	+f1-measure-overall	0.9980994101787144	0.9983989863520952	2652.28	4401.0	51	0.9909729614647148	1673	0	0	0	3.958649548617277	0.9915640577734224	0.9903825694710412	0	0.9834118609088432	0.9856703399400336	s3://suching-dev/ner-2003/dev.txt	0.9216132019869838	60.7480161704269	0.9221566975568659	0.9210703466846178	10000	glove
49	49	50	0.9009773762703944	0.9161831704372884	0.5519114267808177	391.63980745801734	0.7274229074889867	0.44463143722652304	BIOUL	ner	3	characters	True	single_id	conll2003	74	True	64	basic	0.3386122505044086	True	0.4856866028692828	107	230	1	lstm	False	BIOUL	[['scalar_parameters', {'alpha': '0.2585545588465298', 'type': 'l2'}]]	22	relu	22	[1, 2, 3]	60	cnn	character_encoding	50	https://s3-us-west-2.amazonaws.com/allennlp/datasets/glove/glove.6B.50d.txt.gz	True	embedding	crf_tagger	2652.84	1663	0	0	0	0.8961128459136427	0.9163131258748788	s3://suching-dev/ner-2003/test.txt	0.5338385433111823	338.63594931143297	0.6581884246042046	0.4490084985835694	s3://suching-dev/ner-2003/train.txt	0	5.567439741300189	0.5	2	reduce_on_plateau	75	1	4.403795690357844e-05	adam	25	+f1-measure-overall	0.8894367476831957	0.9091596642782424	2652.84	6160.0	74	0.4725291589931994	1663	0	0	0	401.4621369795366	0.5922292748605501	0.3930805566194306	0	0.9009384369767532	0.9161442311436472	s3://suching-dev/ner-2003/dev.txt	0.5517025276790839	391.4543762207031	0.7271475770925111	0.4444631437226523	10000	glove
15	15	15	0.9801409602429813	0.9828083018574044	0.9071501186038132	72.7384141286214	0.9133401569430228	0.9010434197239988	BIOUL	ner	3	characters	True	single_id	conll2003	39	True	64	basic	0.007961767912262552	True	0.19143556009305013	473	185	2	lstm	False	BIOUL	[['scalar_parameters', {'alpha': '0.024903416034117543', 'type': 'l2'}]]	16	relu	16	[1, 2, 3, 4, 5]	27	cnn	character_encoding	50	https://s3-us-west-2.amazonaws.com/allennlp/datasets/glove/glove.6B.50d.txt.gz	True	embedding	crf_tagger	2692.184	1531	0	0	0	0.9688166253903304	0.9724345859804028	s3://suching-dev/ner-2003/test.txt	0.8631448324764613	95.54420919771549	0.8642172523961661	0.8620750708215298	s3://suching-dev/ner-2003/train.txt	0	9.341892465978471	0.5	2	reduce_on_plateau	75	1	0.0001553695583975403	adam	25	+f1-measure-overall	0.98690704789781	0.9884245731039528	2692.184	3660.0000000000014	39	0.9329088500490932	1531	0	0	0	44.61739693988453	0.9368321675320774	0.929018256096004	0	0.9802772477707254	0.9829056500915072	s3://suching-dev/ner-2003/dev.txt	0.9068270370997298	72.97513327879064	0.9128581173260572	0.900875126220128	10000	glove
7	7	12	0.9862738989914724	0.9880845761457888	0.9363743477528536	53.586987738515816	0.9365319865319864	0.9362167620329856	BIOUL	ner	3	characters	True	single_id	conll2003	36	True	64	basic	0.13402237743272938	True	0.2967248842726469	169	340	2	lstm	False	BIOUL	[['scalar_parameters', {'alpha': '0.0014538950458381843', 'type': 'l2'}]]	46	relu	46	[1, 2, 3, 4, 5]	58	cnn	character_encoding	50	https://s3-us-west-2.amazonaws.com/allennlp/datasets/glove/glove.6B.50d.txt.gz	True	embedding	crf_tagger	2652.344	2265	0	0	0	0.9765909335630452	0.9796920426402498	s3://suching-dev/ner-2003/test.txt	0.8965821778680063	89.26733954747516	0.8944493392070485	0.8987252124645893	s3://suching-dev/ner-2003/train.txt	0	6.207619672244705	0.5	2	reduce_on_plateau	75	1	0.0011013643058534132	adam	25	+f1-measure-overall	0.998453008285	0.9986690960166192	2652.344	3307.0	36	0.9920180498498892	2265	0	0	0	4.56688907254826	0.992377139936973	0.991659219541257	0	0.9858260971145985	0.9876367742689148	s3://suching-dev/ner-2003/dev.txt	0.9342758562652028	57.727382996503046	0.9343544857768052	0.9341972399865364	10000	glove
37	37	10	0.8638876990771387	0.8721622989758966	0.2790194664743643	278.2880832447725	0.4878151260504202	0.19538875799394145	BIOUL	ner	3	characters	True	single_id	conll2003	34	True	64	basic	0.18347720619413505	True	0.1872307118234848	89	190	2	lstm	False	BIOUL	[['scalar_parameters', {'alpha': '0.12974273276417034', 'type': 'l2'}]]	24	relu	24	[1, 2, 3, 4, 5]	28	cnn	character_encoding	50	https://s3-us-west-2.amazonaws.com/allennlp/datasets/glove/glove.6B.50d.txt.gz	True	embedding	crf_tagger	2650.792	1495	0	0	0	0.8470765586303435	0.8582534725961021	s3://suching-dev/ner-2003/test.txt	0.2533779595884047	251.25626316776984	0.4224886316659777	0.1809490084985836	s3://suching-dev/ner-2003/train.txt	0	7.59747253335599	0.5	2	reduce_on_plateau	75	1	0.07946035487676871	adam	25	+f1-measure-overall	0.8455856714189597	0.8596755737374828	2650.788	3374.0	34	0.2181028240405068	1495	0	0	0	281.01192429282446	0.34146562670052605	0.1602195838120771	0	0.8642186830730891	0.8752385031735525	s3://suching-dev/ner-2003/dev.txt	0.2779564130046031	274.906115363626	0.4753564154786151	0.19639851901716596	10000	glove
43	43	28	0.9502355827265292	0.9549277676102956	0.7477577517723938	179.98812451082117	0.7592367736339982	0.7366206664422753	BIOUL	ner	3	characters	True	single_id	conll2003	52	True	64	basic	0.2986289018780718	True	0.11250570034125612	470	197	3	lstm	False	BIOUL	[['scalar_parameters', {'alpha': '0.0035200139261267792', 'type': 'l2'}]]	56	relu	56	[1, 2, 3]	49	cnn	character_encoding	50	https://s3-us-west-2.amazonaws.com/allennlp/datasets/glove/glove.6B.50d.txt.gz	True	embedding	crf_tagger	2719.728	2505	0	0	0	0.9476903198018736	0.9527942284914396	s3://suching-dev/ner-2003/test.txt	0.7412751375236222	161.6240692138672	0.7553758500275685	0.7276912181303116	s3://suching-dev/ner-2003/train.txt	0	9.158817323622536	0.5	2	reduce_on_plateau	75	1	4.063976727771199e-05	adam	25	+f1-measure-overall	0.9385672401176696	0.9447404737232408	2719.728	5312.0	52	0.6952940917398369	2505	0	0	0	197.50106776844368	0.7204728002920774	0.6718158219498702	0	0.9502939916669912	0.954908297963475	s3://suching-dev/ner-2003/dev.txt	0.7476954592010425	179.50742160572725	0.7585729130585382	0.7371255469538875	10000	glove
30	30	22	0.8769518320937658	0.8849927962306764	0.4031345232911995	263.3569756302179	0.4176438751578568	0.3895994614607876	BIOUL	ner	3	characters	True	single_id	conll2003	46	True	64	basic	0.17185482874587332	True	0.08886042957908585	242	246	2	lstm	False	BIOUL	[['scalar_parameters', {'alpha': '0.026185178228412438', 'type': 'l2'}]]	51	relu	51	[1, 2, 3, 4]	49	cnn	character_encoding	50	https://s3-us-west-2.amazonaws.com/allennlp/datasets/glove/glove.6B.50d.txt.gz	True	embedding	crf_tagger	2663.9120000000003	2093	0	0	0	0.8573274469688812	0.8694303865618607	s3://suching-dev/ner-2003/test.txt	0.3714783885472566	239.70770263671875	0.38559725662030864	0.35835694050991496	s3://suching-dev/ner-2003/train.txt	0	6.989931479352027	0.5	2	reduce_on_plateau	75	1	0.038518642569187016	adam	25	+f1-measure-overall	0.8555158849038164	0.8679065518782444	2663.9120000000003	4353.0	46	0.2947469586989578	2093	0	0	0	251.46879889748314	0.3632793017456359	0.24796799863823996	0	0.8695338966551147	0.8781005412561816	s3://suching-dev/ner-2003/dev.txt	0.33671925653766743	262.8376850801356	0.4704106280193237	0.2622012790306294	10000	glove
27	27	30	0.9771036953389666	0.9798099762470308	0.8908599425578145	61.975484474032534	0.8943351424694709	0.8874116459104678	BIOUL	ner	3	characters	True	single_id	conll2003	54	True	64	basic	0.2105691630353846	True	0.09816475847598473	483	197	1	lstm	False	BIOUL	[['scalar_parameters', {'alpha': '0.022884152020645417', 'type': 'l2'}]]	26	relu	26	[1, 2, 3]	49	cnn	character_encoding	50	https://s3-us-west-2.amazonaws.com/allennlp/datasets/glove/glove.6B.50d.txt.gz	True	embedding	crf_tagger	2663.5559999999996	1583	0	0	0	0.958996446645849	0.9621836976418651	s3://suching-dev/ner-2003/test.txt	0.8116353316778501	100.78727386615894	0.8130774697938877	0.8101983002832861	s3://suching-dev/ner-2003/train.txt	0	6.569755631244129	0.5	2	reduce_on_plateau	75	1	0.06403433677203442	adam	25	+f1-measure-overall	0.9902760520771432	0.9920145760997148	2663.5559999999996	4738.0	54	0.9564754255522628	1583	0	0	0	17.638734529235148	0.957679180887372	0.955274692540108	0	0.9769479381644016	0.9796542190724659	s3://suching-dev/ner-2003/dev.txt	0.8906725245014708	61.97968658746458	0.8942992874109263	0.8870750589027263	10000	glove
38	38	18	0.9875978349752736	0.9892916942486664	0.9419680403700088	41.99834930195528	0.9414929388029588	0.9424436216762032	BIOUL	ner	3	characters	True	single_id	conll2003	42	True	64	basic	0.32606080987594865	True	0.4368397031843537	293	194	1	lstm	False	BIOUL	[['scalar_parameters', {'alpha': '0.012579202760257995', 'type': 'l2'}]]	43	relu	43	[1, 2, 3]	48	cnn	character_encoding	50	https://s3-us-west-2.amazonaws.com/allennlp/datasets/glove/glove.6B.50d.txt.gz	True	embedding	crf_tagger	2654.82	1671	0	0	0	0.9771077850759126	0.9797351135996556	s3://suching-dev/ner-2003/test.txt	0.8982406506939646	75.93746769869769	0.8970510330213668	0.8994334277620396	s3://suching-dev/ner-2003/train.txt	0	9.229624590881057	0.5	2	reduce_on_plateau	75	1	0.0012364903395921745	adam	25	+f1-measure-overall	0.9957961114030478	0.9963559750713336	2654.82	3869.0000000000014	42	0.978169659020673	1671	0	0	0	11.405985875563188	0.9791080412722776	0.9772330737478192	0	0.9875199563879912	0.9892332853082044	s3://suching-dev/ner-2003/dev.txt	0.9415229280605308	41.89830187255261	0.9414437152953054	0.9416021541568496	10000	glove
53	53	25	0.8243837856781278	0.8392001869086094	0.16239217941341275	414.22801043940524	0.2564475118053033	0.11881521373274992	BIOUL	ner	3	characters	True	single_id	conll2003	49	True	64	basic	0.16841018218538067	True	0.40127340803438266	468	130	2	lstm	False	BIOUL	[['scalar_parameters', {'alpha': '0.004328573233793232', 'type': 'l2'}]]	56	relu	56	[1, 2, 3, 4]	20	cnn	character_encoding	50	https://s3-us-west-2.amazonaws.com/allennlp/datasets/glove/glove.6B.50d.txt.gz	True	embedding	crf_tagger	2691.9120000000003	2251	0	0	0	0.8120814041132767	0.8324755033918381	s3://suching-dev/ner-2003/test.txt	0.1523743660672667	360.752961617929	0.21829590488771464	0.11703257790368272	s3://suching-dev/ner-2003/train.txt	0	7.690765511718707	0.5	2	reduce_on_plateau	75	1	0.04709685527780557	adam	25	+f1-measure-overall	0.8167968922655325	0.8368095628643409	2691.9120000000003	4666.0	49	0.08351999999996271	2251	0	0	0	399.8903689297763	0.16836537221003742	0.055534278054385294	0	0.8259218877769557	0.8409135158288229	s3://suching-dev/ner-2003/dev.txt	0.10490066225162213	407.69492654239434	0.2462686567164179	0.06664422753281724	10000	glove
17	17	0	0.6662123749075192	0.6834819516373973	0.022582582582536682	2377.9899052638634	0.017556966753828913	0.03163917872770111	BIOUL	ner	3	characters	True	single_id	conll2003	24	True	64	basic	0.14946080728625688	True	0.31713519965583314	394	290	2	lstm	False	BIOUL	[['scalar_parameters', {'alpha': '0.6048875875267002', 'type': 'l2'}]]	20	relu	20	[1, 2, 3, 4]	60	cnn	character_encoding	50	https://s3-us-west-2.amazonaws.com/allennlp/datasets/glove/glove.6B.50d.txt.gz	True	embedding	crf_tagger	2679.672	3219	0	0	0	0.6264455690750511	0.6510606223753634	s3://suching-dev/ner-2003/test.txt	0.019941002949808072	2050.0812219690392	0.014953105645018581	0.02992209631728045	s3://suching-dev/ner-2003/train.txt	0	9.308721022190868	0.5	2	reduce_on_plateau	75	1	3.8264905629372165e-06	adam	25	+f1-measure-overall	0.8325663855889127	0.856974477092245	2679.672	2247.0	24	0.0007611959233716997	3219	0	0	0	687.8442346746273	0.060810810810810766	0.00038299502106472615	0	0.8327752034578093	0.8502978855963553	s3://suching-dev/ner-2003/dev.txt	0.0030155804992452045	739.5942448634728	0.3333333333333321	0.0015146415348367553	10000	glove
48	48	42	0.9602819204859624	0.9642342587905456	0.8016999575010125	147.16809985216923	0.8098918083462133	0.7936721642544597	BIOUL	ner	3	characters	True	single_id	conll2003	66	True	64	basic	0.4112219841192685	True	0.1073821546755422	233	146	3	lstm	False	BIOUL	[['scalar_parameters', {'alpha': '0.08078639505289394', 'type': 'l2'}]]	17	relu	17	[1, 2, 3]	32	cnn	character_encoding	50	https://s3-us-west-2.amazonaws.com/allennlp/datasets/glove/glove.6B.50d.txt.gz	True	embedding	crf_tagger	2661.86	1461	0	0	0	0.9555938408528051	0.95992247227307	s3://suching-dev/ner-2003/test.txt	0.7860909984803292	135.0403894495081	0.7938256002888608	0.7785056657223796	s3://suching-dev/ner-2003/train.txt	0	6.266944563641533	0.5	2	reduce_on_plateau	75	1	9.0559943450721e-05	adam	25	+f1-measure-overall	0.9442149876486216	0.9497988910770501	2661.86	6266.0	66	0.7221810896737448	1461	0	0	0	178.58227481842042	0.7395085403380458	0.7056470488105877	0	0.9602235115455006	0.9641758498500838	s3://suching-dev/ner-2003/dev.txt	0.8012580754844791	147.1081543529735	0.8095156303675712	0.7931672837428475	10000	glove
14	14	7	0.9844048128966941	0.9865464740469608	0.9287398921832384	64.48143246594597	0.9296795952782462	0.9278020868394481	BIOUL	ner	3	characters	True	single_id	conll2003	31	True	64	basic	0.12447726677308753	True	0.029756152206448838	502	218	1	lstm	False	BIOUL	[['scalar_parameters', {'alpha': '0.0667616255617104', 'type': 'l2'}]]	19	relu	19	[1, 2, 3, 4]	42	cnn	character_encoding	50	https://s3-us-west-2.amazonaws.com/allennlp/datasets/glove/glove.6B.50d.txt.gz	True	embedding	crf_tagger	2665.724	2191	0	0	0	0.971508560353182	0.9746958113491978	s3://suching-dev/ner-2003/test.txt	0.8680180578914257	117.4162074548227	0.8679412285360241	0.8680949008498584	s3://suching-dev/ner-2003/train.txt	0	9.663570888075498	0.5	2	reduce_on_plateau	75	1	0.012656120716885032	adam	25	+f1-measure-overall	0.999916511558238	0.9999312448126668	2665.724	2745.0	31	0.9995957360794412	2191	0	0	0	0.14936187267303466	0.9995744680851064	0.9996170049789352	0	0.9845021611307972	0.9866827615747049	s3://suching-dev/ner-2003/dev.txt	0.9274947368420552	71.11653567295448	0.9281982133827744	0.9267923258162236	10000	glove
3	3	28	0.9745337019586464	0.977473618628558	0.8828416412342668	100.1400707282272	0.8894772804919713	0.8763042746549983	BIOUL	ner	3	characters	True	single_id	conll2003	52	True	64	basic	0.2267030497241213	True	0.20547263360283408	274	145	1	lstm	False	BIOUL	[['scalar_parameters', {'alpha': '0.11110724164293959', 'type': 'l2'}]]	62	relu	62	[1, 2, 3, 4, 5]	19	cnn	character_encoding	50	https://s3-us-west-2.amazonaws.com/allennlp/datasets/glove/glove.6B.50d.txt.gz	True	embedding	crf_tagger	2652.5359999999996	2425	0	0	0	0.9656939808334232	0.9694196188220092	s3://suching-dev/ner-2003/test.txt	0.8446576072474853	101.75731164437755	0.8474425236143291	0.8418909348441926	s3://suching-dev/ner-2003/train.txt	0	8.30647243909999	0.5	2	reduce_on_plateau	75	1	0.0001296834727076745	adam	25	+f1-measure-overall	0.9674787963913348	0.9712308651858108	2652.5359999999996	4578.0	52	0.8434133860806621	2425	0	0	0	105.93362726731732	0.8523379106553103	0.8346738159070599	0	0.9745531716054672	0.9775514972158406	s3://suching-dev/ner-2003/dev.txt	0.8828416412342668	100.04459186628752	0.8894772804919713	0.8763042746549983	10000	glove
11	11	2	0.6096141116000156	0.6271367937385616	0.07129016267852417	2366.8586808746936	0.04867991876423165	0.1331201615617637	BIOUL	ner	3	characters	True	single_id	conll2003	26	True	64	basic	0.4942290512923685	True	0.3859155310041596	258	222	1	lstm	False	BIOUL	[['scalar_parameters', {'alpha': '0.03059997155827963', 'type': 'l2'}]]	23	relu	23	[1, 2, 3, 4]	43	cnn	character_encoding	50	https://s3-us-west-2.amazonaws.com/allennlp/datasets/glove/glove.6B.50d.txt.gz	True	embedding	crf_tagger	2654.708	1521	0	0	0	0.5916873048347152	0.6166253903305696	s3://suching-dev/ner-2003/test.txt	0.06826324721851645	2040.701831958912	0.04651760472886148	0.1281869688385269	s3://suching-dev/ner-2003/train.txt	0	8.032608729877387	0.5	2	reduce_on_plateau	75	1	3.407547502644876e-06	adam	25	+f1-measure-overall	0.8329838277977223	0.8573870082162449	2654.708	2356.0	26	0.0038895700333982756	1521	0	0	0	719.5225033846768	0.2987012987012985	0.0019575301076641557	0	0.8325610373427826	0.8500837194813287	s3://suching-dev/ner-2003/dev.txt	0.001008064516128697	758.9555095597809	0.29999999999999705	0.0005048805116122519	10000	glove
8	8	12	0.9861181418169076	0.987928818971224	0.9361916771752338	57.83556599710503	0.9353267260204938	0.9370582295523392	BIOUL	ner	3	characters	True	single_id	conll2003	36	True	64	basic	0.27778910435622745	True	0.3224137926035882	485	360	1	lstm	False	BIOUL	[['scalar_parameters', {'alpha': '0.0015643498294221653', 'type': 'l2'}]]	26	relu	26	[1, 2, 3, 4, 5]	62	cnn	character_encoding	50	https://s3-us-west-2.amazonaws.com/allennlp/datasets/glove/glove.6B.50d.txt.gz	True	embedding	crf_tagger	2667.5679999999998	2143	0	0	0	0.97432970819425	0.9770216431571012	s3://suching-dev/ner-2003/test.txt	0.8862793572310995	114.67559355276602	0.8839380063402607	0.8886331444759207	s3://suching-dev/ner-2003/train.txt	0	5.737857591923372	0.5	2	reduce_on_plateau	75	1	0.00944454792122396	adam	25	+f1-measure-overall	0.999877222879762	0.999887045049381	2667.5679999999998	3537.0	36	0.9992765341730712	2143	0	0	0	0.3638183095238425	0.999319062007916	0.9992340099578706	0	0.9860207935828044	0.9880261672053268	s3://suching-dev/ner-2003/dev.txt	0.935551634316394	61.59728044622086	0.9342171505286122	0.9368899360484684	10000	glove
21	21	0	0.8314707371208286	0.8489934192593747	0.0	2251.4603522805605	0.0	0.0	BIOUL	ner	3	characters	True	single_id	conll2003	24	True	64	basic	0.2777915390240758	True	0.4697362593200841	194	116	3	lstm	False	BIOUL	[['scalar_parameters', {'alpha': '0.04228752218919199', 'type': 'l2'}]]	23	relu	23	[1, 2, 3]	22	cnn	character_encoding	50	https://s3-us-west-2.amazonaws.com/allennlp/datasets/glove/glove.6B.50d.txt.gz	True	embedding	crf_tagger	2654.96	1373	0	0	0	0.8233229245181436	0.8482610100139979	s3://suching-dev/ner-2003/test.txt	0.0	1941.6676997432003	0.0	0.0	s3://suching-dev/ner-2003/train.txt	0	9.039763087994269	0.5	2	reduce_on_plateau	75	1	5.739963706655792e-06	adam	25	+f1-measure-overall	0.8328070287445793	0.8572151202479116	2654.96	2215.0	24	0.0	1373	0	0	0	763.360942771218	0.0	0.0	0	0.8325026284023208	0.8500253105408668	s3://suching-dev/ner-2003/dev.txt	0.0	814.9420842189413	0.0	0.0	10000	glove
1	1	25	0.9870916241579378	0.98876601378451	0.9402558061258336	41.641549559200506	0.9402558061258836	0.9402558061258836	BIOUL	ner	3	characters	True	single_id	conll2003	49	True	64	basic	0.30792892411780226	True	0.1469870399790314	82	240	1	lstm	False	BIOUL	[['scalar_parameters', {'alpha': '0.005237088420330592', 'type': 'l2'}]]	46	relu	46	[1, 2, 3, 4, 5]	38	cnn	character_encoding	50	https://s3-us-west-2.amazonaws.com/allennlp/datasets/glove/glove.6B.50d.txt.gz	True	embedding	crf_tagger	2656.732	1997	0	0	0	0.9771293205556154	0.9799073974372778	s3://suching-dev/ner-2003/test.txt	0.8957910526779701	73.13650758178146	0.8928759894459103	0.8987252124645893	s3://suching-dev/ner-2003/train.txt	0	9.404453561712481	0.5	2	reduce_on_plateau	75	1	0.002493912841155198	adam	25	+f1-measure-overall	0.9965818849725716	0.9971024599623812	2656.732	4382.0	49	0.9832211906992092	1997	0	0	0	7.9457568710500555	0.9839335180055402	0.982509894038044	0	0.9870526848642964	0.98876601378451	s3://suching-dev/ner-2003/dev.txt	0.9399983169232858	41.8347832548852	0.9400774280424172	0.9399192191181421	10000	glove
0	0	28	0.9846773879521824	0.9868579883960904	0.9282167802742914	50.90457944309011	0.9282948998485104	0.9281386738471896	BIOUL	ner	3	characters	True	single_id	conll2003	52	True	64	basic	0.3275416874954538	True	0.3848159297339092	341	182	3	lstm	False	BIOUL	[['scalar_parameters', {'alpha': '0.005561752206076956', 'type': 'l2'}]]	59	relu	59	[1, 2, 3]	44	cnn	character_encoding	50	https://s3-us-west-2.amazonaws.com/allennlp/datasets/glove/glove.6B.50d.txt.gz	True	embedding	crf_tagger	2694.664	2301	0	0	0	0.9750834499838484	0.9781414881016476	s3://suching-dev/ner-2003/test.txt	0.8925925925925426	77.32981753349306	0.8891426563598033	0.8960694050991501	s3://suching-dev/ner-2003/train.txt	0	9.322975239642597	0.5	2	reduce_on_plateau	75	1	0.0004256237680237552	adam	25	+f1-measure-overall	0.9877419323154292	0.9892349020975244	2694.664	5054.0	52	0.9367320819112128	2301	0	0	0	35.99079852104187	0.9390958470553014	0.9343801863909104	0	0.9845995093649	0.9867995794556288	s3://suching-dev/ner-2003/dev.txt	0.9281386738471396	50.949805633694524	0.9281386738471896	0.9281386738471896	10000	glove
44	44	0	0.6381371441922044	0.6514349129706787	0.0032838154807946604	2421.206751206342	0.003066588785046729	0.0035341635812857625	BIOUL	ner	3	characters	True	single_id	conll2003	24	True	64	basic	0.2742530267110562	True	0.4451684452621168	283	282	2	lstm	False	BIOUL	[['scalar_parameters', {'alpha': '0.034961208449661836', 'type': 'l2'}]]	55	relu	55	[1, 2, 3, 4]	58	cnn	character_encoding	50	https://s3-us-west-2.amazonaws.com/allennlp/datasets/glove/glove.6B.50d.txt.gz	True	embedding	crf_tagger	2664.1040000000003	2511	0	0	0	0.5772154624744266	0.5946376655540002	s3://suching-dev/ner-2003/test.txt	0.0038936727816808775	2089.3057804814093	0.003373556507071493	0.004603399433427762	s3://suching-dev/ner-2003/train.txt	0	7.142800204631268	0.5	2	reduce_on_plateau	75	1	5.158905495291929e-06	adam	25	+f1-measure-overall	0.8328119398293891	0.8572200313327211	2664.1040000000003	2282.0	24	0.0	2511	0	0	0	726.2391346324574	0.0	0.0	0	0.8325026284023208	0.8500253105408668	s3://suching-dev/ner-2003/dev.txt	0.0	777.1966618556603	0.0	0.0	10000	glove
32	32	19	0.9825162571550952	0.9848136754799268	0.9189691592732918	63.75778417026296	0.9227897505515018	0.9151800740491416	BIOUL	ner	3	characters	True	single_id	conll2003	43	True	64	basic	0.05263612611902624	True	0.2880133030488607	230	302	1	lstm	False	BIOUL	[['scalar_parameters', {'alpha': '0.0014776634996454697', 'type': 'l2'}]]	44	relu	44	[1, 2, 3, 4]	63	cnn	character_encoding	50	https://s3-us-west-2.amazonaws.com/allennlp/datasets/glove/glove.6B.50d.txt.gz	True	embedding	crf_tagger	2654.196	2037	0	0	0	0.9716377732313988	0.974911166146226	s3://suching-dev/ner-2003/test.txt	0.8758285461775903	84.88677279154459	0.8743603317451915	0.8773016997167139	s3://suching-dev/ner-2003/train.txt	0	5.674297336860395	0.5	2	reduce_on_plateau	75	1	0.00026198843633077706	adam	25	+f1-measure-overall	0.9873539566154768	0.9889697035178101	2654.196	4112.0	43	0.9380406227974126	2037	0	0	0	42.93782776052301	0.9416002058142526	0.9345078513979318	0	0.9824773178614541	0.9847357968926445	s3://suching-dev/ner-2003/dev.txt	0.918553565393664	63.362612593407725	0.9222938581608416	0.9148434870414002	10000	glove
47	47	13	0.9816790623418092	0.984112768194385	0.9161888701517208	84.1954235937081	0.9180466373774924	0.914338606529788	BIOUL	ner	3	characters	True	single_id	conll2003	37	True	64	basic	0.010169317092574959	True	0.0960275915721842	123	188	2	lstm	False	BIOUL	[['scalar_parameters', {'alpha': '0.0023669376493627675', 'type': 'l2'}]]	19	relu	19	[1, 2, 3]	46	cnn	character_encoding	50	https://s3-us-west-2.amazonaws.com/allennlp/datasets/glove/glove.6B.50d.txt.gz	True	embedding	crf_tagger	2653.736	2705	0	0	0	0.9668999676967804	0.97034564444923	s3://suching-dev/ner-2003/test.txt	0.8476762678918037	146.7579032050239	0.846031746031746	0.8493271954674221	s3://suching-dev/ner-2003/train.txt	0	5.8831409201396445	0.5	2	reduce_on_plateau	75	1	0.01761181895414285	adam	25	+f1-measure-overall	0.9999558002367144	0.999960711321524	2653.736	3148.0	37	0.9997659225841647	2705	0	0	0	0.11961742747913708	0.999872307823274	0.9996595599812758	0	0.9817569409290916	0.9841517074880262	s3://suching-dev/ner-2003/dev.txt	0.9139306406918638	96.22170339846144	0.9120160884866768	0.9158532480646248	10000	glove
50	50	3	0.8035123242864375	0.8210350064249835	0.07899461400354622	2461.992700314989	0.11851851851851852	0.059239313362504216	BIOUL	ner	3	characters	True	single_id	conll2003	27	True	64	basic	0.2470980516414569	True	0.2917416540400274	504	165	2	lstm	False	BIOUL	[['scalar_parameters', {'alpha': '0.08179614294544243', 'type': 'l2'}]]	42	relu	42	[1, 2, 3, 4, 5]	23	cnn	character_encoding	50	https://s3-us-west-2.amazonaws.com/allennlp/datasets/glove/glove.6B.50d.txt.gz	True	embedding	crf_tagger	2700.268	1941	0	0	0	0.7980833423064498	0.8230214278023043	s3://suching-dev/ner-2003/test.txt	0.114662723239631	1990.50771133988	0.1603563474387528	0.08923512747875352	s3://suching-dev/ner-2003/train.txt	0	6.961737640992947	0.5	2	reduce_on_plateau	75	1	0.04675463620279576	adam	25	+f1-measure-overall	0.8328119398293891	0.8572200313327211	2700.268	2576.0	27	0.0	1941	0	0	0	522.4429222800513	0.0	0.0	0	0.8325026284023208	0.8500253105408668	s3://suching-dev/ner-2003/dev.txt	0.0	566.7788528741575	0.0	0.0	10000	glove
33	33	18	0.9819516373972976	0.9843269343094116	0.91455082243774	63.69362907783658	0.9167935058346016	0.9123190844833391	BIOUL	ner	3	characters	True	single_id	conll2003	42	True	64	basic	0.353821990406368	True	0.040457118387470965	488	295	2	lstm	False	BIOUL	[['scalar_parameters', {'alpha': '0.04308545074359291', 'type': 'l2'}]]	23	relu	23	[1, 2, 3, 4, 5]	49	cnn	character_encoding	50	https://s3-us-west-2.amazonaws.com/allennlp/datasets/glove/glove.6B.50d.txt.gz	True	embedding	crf_tagger	2699.82	2043	0	0	0	0.9722623021427802	0.9756218369764188	s3://suching-dev/ner-2003/test.txt	0.8769543326560758	83.78335493582266	0.8750220341970738	0.8788951841359773	s3://suching-dev/ner-2003/train.txt	0	7.9733565980240755	0.5	2	reduce_on_plateau	75	1	0.00019181881766800463	adam	25	+f1-measure-overall	0.9803163720834296	0.9824281385515248	2699.796	4459.0	42	0.8985600273872449	2043	0	0	0	61.501369788429955	0.9036061623203374	0.8935699391463466	0	0.981737471282271	0.9841906467816672	s3://suching-dev/ner-2003/dev.txt	0.913384498608367	63.35202998741001	0.915469146238377	0.9113093234601144	10000	glove
4	4	22	0.9701335617771892	0.9732876445621276	0.8566824966078198	112.26319928262748	0.8634188034188034	0.8500504880511612	BIOUL	ner	3	characters	True	single_id	conll2003	46	True	64	basic	0.3819724257801551	True	0.42226308477251656	446	140	2	lstm	False	BIOUL	[['scalar_parameters', {'alpha': '0.5118780318559717', 'type': 'l2'}]]	56	relu	56	[1, 2, 3, 4, 5]	18	cnn	character_encoding	50	https://s3-us-west-2.amazonaws.com/allennlp/datasets/glove/glove.6B.50d.txt.gz	True	embedding	crf_tagger	2685.46	2291	0	0	0	0.9641434262948207	0.967847528803704	s3://suching-dev/ner-2003/test.txt	0.8326965792980398	110.05522123972577	0.835741037988229	0.8296742209631728	s3://suching-dev/ner-2003/train.txt	0	8.984726015509164	0.5	2	reduce_on_plateau	75	1	8.030206849359139e-05	adam	25	+f1-measure-overall	0.9564976107572402	0.961168052411097	2685.46	4556.0	46	0.7866539726501144	2291	0	0	0	137.22364916367962	0.8001936875467711	0.7735648325460658	0	0.9699193956621628	0.973073478447101	s3://suching-dev/ner-2003/dev.txt	0.8554952510175892	111.7896726645675	0.8622222222222222	0.8488724335240659	10000	glove
22	22	73	0.8678205677349012	0.8846228729410849	0.3124257229631248	519.8183910893458	0.7253218884120172	0.19909121507909794	BIOUL	ner	3	characters	True	single_id	conll2003	74	True	64	basic	0.2255165688799976	True	0.10534436227534584	361	131	2	lstm	False	BIOUL	[['scalar_parameters', {'alpha': '0.12444274402781112', 'type': 'l2'}]]	47	relu	47	[1, 2, 3]	27	cnn	character_encoding	50	https://s3-us-west-2.amazonaws.com/allennlp/datasets/glove/glove.6B.50d.txt.gz	True	embedding	crf_tagger	2673.22	1777	0	0	0	0.8613761171530095	0.8840099063206633	s3://suching-dev/ner-2003/test.txt	0.3050480443902739	451.4316500911006	0.6473291211947156	0.1995396600566572	s3://suching-dev/ner-2003/train.txt	0	7.643599304844518	0.5	2	reduce_on_plateau	75	1	1.5871305567541564e-05	adam	25	+f1-measure-overall	0.8585705796553401	0.8809111044538628	2673.22	6941.0	74	0.2544483985764775	1777	0	0	0	510.7509016557173	0.5637319316688568	0.16430486403676753	0	0.8678205677349012	0.8846228729410849	s3://suching-dev/ner-2003/dev.txt	0.3124257229631248	519.7952912274528	0.7253218884120172	0.19909121507909794	10000	glove
31	31	70	0.8832015887231806	0.9000623028698259	0.4425219246266471	482.9875192081227	0.7479967948717948	0.3142039717266913	BIOUL	ner	3	characters	True	single_id	conll2003	74	True	64	basic	0.20489034665552772	True	0.2645104088297404	253	173	1	lstm	False	BIOUL	[['scalar_parameters', {'alpha': '0.0038544662714511788', 'type': 'l2'}]]	30	relu	30	[1, 2, 3]	41	cnn	character_encoding	50	https://s3-us-west-2.amazonaws.com/allennlp/datasets/glove/glove.6B.50d.txt.gz	True	embedding	crf_tagger	2654.04	1507	0	0	0	0.8789059976310972	0.9010660062452892	s3://suching-dev/ner-2003/test.txt	0.4407628128724233	415.8690853825322	0.674325309992706	0.3273725212464589	s3://suching-dev/ner-2003/train.txt	0	9.305785485157372	0.5	2	reduce_on_plateau	75	1	2.689027245358357e-05	adam	25	+f1-measure-overall	0.8756120439443869	0.8978838135555763	2654.04	6457.0	74	0.3931445170660424	1507	0	0	0	466.4132197293368	0.6193483434010617	0.2879697008383336	0	0.8832015887231806	0.9000623028698259	s3://suching-dev/ner-2003/dev.txt	0.4425219246266471	482.91437006931676	0.7479967948717948	0.3142039717266913	10000	glove
23	23	15	0.9870916241579378	0.9889023013122542	0.9400572486950164	58.03601205115225	0.940532345013477	0.9395826321104004	BIOUL	ner	3	characters	True	single_id	conll2003	39	True	64	basic	0.21712372386414489	True	0.0625396477479166	352	340	2	lstm	False	BIOUL	[['scalar_parameters', {'alpha': '0.025782573481355934', 'type': 'l2'}]]	33	relu	33	[1, 2, 3, 4, 5]	58	cnn	character_encoding	50	https://s3-us-west-2.amazonaws.com/allennlp/datasets/glove/glove.6B.50d.txt.gz	True	embedding	crf_tagger	2676.244	2207	0	0	0	0.9782491655001616	0.9810703133412296	s3://suching-dev/ner-2003/test.txt	0.9027753226091068	105.92413084595293	0.9013413342746206	0.9042138810198299	s3://suching-dev/ner-2003/train.txt	0	8.115739957864843	0.5	2	reduce_on_plateau	75	1	0.0009450583319098305	adam	25	+f1-measure-overall	0.9991503823279524	0.999258426193762	2676.244	3893.0000000000014	39	0.9949992552081726	2207	0	0	0	2.2853551539507784	0.9951051332255044	0.9948933997191372	0	0.9869553366301936	0.9888244227249716	s3://suching-dev/ner-2003/dev.txt	0.9385249348246074	59.84468198290058	0.9379727685325264	0.9390777515987884	10000	glove
6	6	17	0.9850278415949536	0.9869942759238348	0.932343512738266	49.705078685984894	0.9347090663058186	0.9299899023897678	BIOUL	ner	3	characters	True	single_id	conll2003	41	True	64	basic	0.10271452309052392	True	0.09049582425345544	75	130	1	lstm	False	BIOUL	[['scalar_parameters', {'alpha': '0.14487109606459603', 'type': 'l2'}]]	42	relu	42	[1, 2, 3, 4, 5]	16	cnn	character_encoding	50	https://s3-us-west-2.amazonaws.com/allennlp/datasets/glove/glove.6B.50d.txt.gz	True	embedding	crf_tagger	2657.492	1897	0	0	0	0.9749542371056316	0.9777753849466996	s3://suching-dev/ner-2003/test.txt	0.8883975946232257	78.5618697449013	0.8874558303886926	0.8893413597733711	s3://suching-dev/ner-2003/train.txt	0	7.564994212591065	0.5	2	reduce_on_plateau	75	1	0.000966867914218646	adam	25	+f1-measure-overall	0.994288408366524	0.995093826275286	2657.492	3625.0	41	0.9719920768460236	1897	0	0	0	17.083246870474383	0.972966058331912	0.9710200434061024	0	0.9849110237140298	0.9867995794556288	s3://suching-dev/ner-2003/dev.txt	0.9314883563954952	49.373863762500235	0.934010152284264	0.9289801413665432	10000	glove
