	Unnamed: 0	best_epoch	best_validation_accuracy	best_validation_accuracy3	best_validation_f1-measure-overall	best_validation_loss	best_validation_precision-overall	best_validation_recall-overall	dataset_reader.coding_scheme	dataset_reader.tag_label	dataset_reader.token_indexers.elmo.type	dataset_reader.type	epoch	evaluate_on_test	iterator.batch_size	iterator.type	model.dropout	model.encoder.bidirectional	model.encoder.dropout	model.encoder.hidden_size	model.encoder.input_size	model.encoder.num_layers	model.encoder.type	model.include_start_end_transitions	model.label_encoding	model.regularizer	model.text_field_embedder.token_embedders.elmo.do_layer_norm	model.text_field_embedder.token_embedders.elmo.dropout	model.text_field_embedder.token_embedders.elmo.options_file	model.text_field_embedder.token_embedders.elmo.requires_grad	model.text_field_embedder.token_embedders.elmo.type	model.text_field_embedder.token_embedders.elmo.weight_file	model.type	peak_cpu_memory_MB	peak_gpu_0_memory_MB	peak_gpu_1_memory_MB	peak_gpu_2_memory_MB	peak_gpu_3_memory_MB	test_accuracy	test_accuracy3	test_data_path	test_f1-measure-overall	test_loss	test_precision-overall	test_recall-overall	train_data_path	trainer.cuda_device	trainer.grad_norm	trainer.learning_rate_scheduler.factor	trainer.learning_rate_scheduler.patience	trainer.learning_rate_scheduler.type	trainer.num_epochs	trainer.num_serialized_models_to_keep	trainer.optimizer.lr	trainer.optimizer.type	trainer.patience	trainer.validation_metric	training_accuracy	training_accuracy3	training_cpu_memory_MB	training_duration	training_epochs	training_f1-measure-overall	training_gpu_0_memory_MB	training_gpu_1_memory_MB	training_gpu_2_memory_MB	training_gpu_3_memory_MB	training_loss	training_precision-overall	training_recall-overall	training_start_epoch	validation_accuracy	validation_accuracy3	validation_data_path	validation_f1-measure-overall	validation_loss	validation_precision-overall	validation_recall-overall	dataset_reader.sample	embedding
9	9	5	0.9882598029671742	0.9895837389509754	0.9426815924584973	18.820650470023057	0.942919683448392	0.9424436216762032	BIOUL	ner	elmo_characters	conll2003	29	True	16	basic	0.1							False	BIOUL	[['scalar_parameters', {'alpha': '0.0', 'type': 'l2'}]]	False	0.32453034527914304	https://s3-us-west-2.amazonaws.com/allennlp/models/elmo/2x4096_512_2048cnn_2xhighway/elmo_2x4096_512_2048cnn_2xhighway_options.json	True	elmo_token_embedder	https://s3-us-west-2.amazonaws.com/allennlp/models/elmo/2x4096_512_2048cnn_2xhighway/elmo_2x4096_512_2048cnn_2xhighway_weights.hdf5	crf_tagger_elmo	3168.3759999999997	4743	821	10	10	0.9776461720684828	0.9801227522343059	s3://suching-dev/ner-2003/test.txt	0.9016263736263236	32.376753272833646	0.895407717827833	0.9079320113314449	s3://suching-dev/ner-2003/train.txt	0	7.0	0.5	2	reduce_on_plateau	75	1	5e-05	adam	25	+f1-measure-overall	0.999980355660762	0.9999852667455714	3168.3759999999997	17550.0	29	0.9998936102303904	4743	10	10	10	0.01597241334328619	0.9999148863733084	0.9998723349929785	0	0.9874420778007088	0.9889801798995366	s3://suching-dev/ner-2003/dev.txt	0.9395724625483424	22.261403827106253	0.9397306397306396	0.9394143386065298	10000	elmo fine-tuned
2	2	28	0.9684786417974378	0.9721584050465324	0.8375475687103096	22.425139796500115	0.8417474077851437	0.8333894311679569	BIOUL	ner	elmo_characters	conll2003	52	True	16	basic	0.39371892918738594							False	BIOUL	[['scalar_parameters', {'alpha': '0.38252842047233643', 'type': 'l2'}]]	False	0.02206952586876415	https://s3-us-west-2.amazonaws.com/allennlp/models/elmo/2x4096_512_2048cnn_2xhighway/elmo_2x4096_512_2048cnn_2xhighway_options.json	True	elmo_token_embedder	https://s3-us-west-2.amazonaws.com/allennlp/models/elmo/2x4096_512_2048cnn_2xhighway/elmo_2x4096_512_2048cnn_2xhighway_weights.hdf5	crf_tagger_elmo	3196.792	4745	10	10	10	0.9514374932701626	0.9564552600409174	s3://suching-dev/ner-2003/test.txt	0.7622167138809699	31.42260989877913	0.7622167138810199	0.7622167138810199	s3://suching-dev/ner-2003/train.txt	0	5.790548548117315	0.5	2	reduce_on_plateau	75	1	0.008513462721250047	adam	25	+f1-measure-overall	0.9854975665574768	0.9874816448205244	3196.792	28503.0	52	0.9282481674279752	4745	10	10	10	9.75047316393711	0.9269286259865908	0.9295714711264308	0	0.9682644756824113	0.9720026478719676	s3://suching-dev/ner-2003/dev.txt	0.8361677050007918	25.226509678597544	0.8365902964959568	0.8357455402221474	10000	elmo fine-tuned
16	16	6	0.9867022312215256	0.9881819243798916	0.9354296283840092	21.3584203860339	0.9346438172043012	0.9362167620329856	BIOUL	ner	elmo_characters	conll2003	30	True	16	basic	0.1							False	BIOUL	[['scalar_parameters', {'alpha': '0.0', 'type': 'l2'}]]	False	0.4682826287285504	https://s3-us-west-2.amazonaws.com/allennlp/models/elmo/2x4096_512_2048cnn_2xhighway/elmo_2x4096_512_2048cnn_2xhighway_options.json	True	elmo_token_embedder	https://s3-us-west-2.amazonaws.com/allennlp/models/elmo/2x4096_512_2048cnn_2xhighway/elmo_2x4096_512_2048cnn_2xhighway_weights.hdf5	crf_tagger_elmo	3198.116	4743	10	10	10	0.9753849466996878	0.9779476687843222	s3://suching-dev/ner-2003/test.txt	0.8931237375954536	36.45515035258399	0.8860428646105594	0.9003186968838527	s3://suching-dev/ner-2003/train.txt	0	7.0	0.5	2	reduce_on_plateau	75	1	5e-05	adam	25	+f1-measure-overall	0.9999852667455714	0.9999901778303808	3198.116	16573.0	30	0.9998936102303904	4743	10	10	10	0.016260579398118282	0.9999148863733084	0.9998723349929785	0	0.9864685954596784	0.9879093493244032	s3://suching-dev/ner-2003/dev.txt	0.9336026255995462	25.015588629479502	0.9336811984514392	0.9335240659710536	10000	elmo fine-tuned
8	8	6	0.9877535921498384	0.9891359370741016	0.9393939393938894	20.338790687860232	0.9397103401818794	0.9390777515987884	BIOUL	ner	elmo_characters	conll2003	30	True	16	basic	0.1							False	BIOUL	[['scalar_parameters', {'alpha': '0.0', 'type': 'l2'}]]	False	0.12542770946220078	https://s3-us-west-2.amazonaws.com/allennlp/models/elmo/2x4096_512_2048cnn_2xhighway/elmo_2x4096_512_2048cnn_2xhighway_options.json	True	elmo_token_embedder	https://s3-us-west-2.amazonaws.com/allennlp/models/elmo/2x4096_512_2048cnn_2xhighway/elmo_2x4096_512_2048cnn_2xhighway_weights.hdf5	crf_tagger_elmo	3170.0440000000003	4743	9941	10	10	0.9784860557768924	0.9808549585442016	s3://suching-dev/ner-2003/test.txt	0.9048499251825924	31.962602712489943	0.8997024330474357	0.9100566572237959	s3://suching-dev/ner-2003/train.txt	0	7.0	0.5	2	reduce_on_plateau	75	1	5e-05	adam	25	+f1-measure-overall	0.9999852667455714	0.9999901778303808	3170.028	19588.0	30	0.9999148863732584	4743	10	10	10	0.01285050833143786	0.9999574413754948	0.9998723349929785	0	0.9870916241579378	0.9885518476694832	s3://suching-dev/ner-2003/dev.txt	0.9367003367002869	22.43226967138403	0.9370158302458741	0.9363850555368562	10000	elmo fine-tuned
6	6	4	0.9881819243798916	0.9898173747128228	0.9419083648591344	18.54372282589183	0.9410381320342684	0.9427802086839449	BIOUL	ner	elmo_characters	conll2003	28	True	16	basic	0.1							False	BIOUL	[['scalar_parameters', {'alpha': '0.0', 'type': 'l2'}]]	False	0.3242757847660933	https://s3-us-west-2.amazonaws.com/allennlp/models/elmo/2x4096_512_2048cnn_2xhighway/elmo_2x4096_512_2048cnn_2xhighway_options.json	True	elmo_token_embedder	https://s3-us-west-2.amazonaws.com/allennlp/models/elmo/2x4096_512_2048cnn_2xhighway/elmo_2x4096_512_2048cnn_2xhighway_weights.hdf5	crf_tagger_elmo	3167.9840000000004	4743	10	10	10	0.9788521589318402	0.9812425971788522	s3://suching-dev/ner-2003/test.txt	0.9071548006687876	30.01120712580505	0.9018372703412072	0.9125354107648724	s3://suching-dev/ner-2003/train.txt	0	7.0	0.5	2	reduce_on_plateau	75	1	5e-05	adam	25	+f1-measure-overall	0.999980355660762	0.9999901778303808	3167.9840000000004	14977.000000000002	28	0.9998723295599126	4743	10	10	10	0.021226413700738096	0.9999148827509896	0.999829779990638	0	0.9876367742689148	0.9891943460145632	s3://suching-dev/ner-2003/dev.txt	0.9390500210171844	22.527818787331675	0.9381824290273812	0.9399192191181421	10000	elmo fine-tuned
12	12	7	0.9867411705151669	0.9884544994353802	0.9358909641594656	30.34984732609169	0.9357335127860028	0.9360484685291148	BIOUL	ner	elmo_characters	conll2003	31	True	16	basic	0.2869171872736459							False	BIOUL	[['scalar_parameters', {'alpha': '0.0010926439159448737', 'type': 'l2'}]]	False	0.4956940080097946	https://s3-us-west-2.amazonaws.com/allennlp/models/elmo/2x4096_512_2048cnn_2xhighway/elmo_2x4096_512_2048cnn_2xhighway_options.json	True	elmo_token_embedder	https://s3-us-west-2.amazonaws.com/allennlp/models/elmo/2x4096_512_2048cnn_2xhighway/elmo_2x4096_512_2048cnn_2xhighway_weights.hdf5	crf_tagger_elmo	3199.252	4743	10	10	10	0.9752772693011736	0.9777538494669968	s3://suching-dev/ner-2003/test.txt	0.887512169218465	52.2758806988045	0.8872765882144753	0.8877478753541076	s3://suching-dev/ner-2003/train.txt	0	6.335109721730117	0.5	2	reduce_on_plateau	75	1	0.0002513731446890605	adam	25	+f1-measure-overall	0.9999754445759524	0.9999852667455714	3199.252	17116.0	31	0.9998510543225664	4743	10	10	10	0.02222847275707804	0.9998723295599624	0.999829779990638	0	0.9866048829874228	0.9882987422608154	s3://suching-dev/ner-2003/dev.txt	0.9356656294676148	34.39872995544882	0.9351151454025888	0.9362167620329856	10000	elmo fine-tuned
10	10	7	0.9883376815544566	0.9897005568318992	0.9420265501595873	19.584257177278108	0.9406040268456376	0.9434533826994278	BIOUL	ner	elmo_characters	conll2003	31	True	16	basic	0.1							False	BIOUL	[['scalar_parameters', {'alpha': '0.0', 'type': 'l2'}]]	False	0.1759727710087084	https://s3-us-west-2.amazonaws.com/allennlp/models/elmo/2x4096_512_2048cnn_2xhighway/elmo_2x4096_512_2048cnn_2xhighway_options.json	True	elmo_token_embedder	https://s3-us-west-2.amazonaws.com/allennlp/models/elmo/2x4096_512_2048cnn_2xhighway/elmo_2x4096_512_2048cnn_2xhighway_weights.hdf5	crf_tagger_elmo	3171.172	4743	10	10	10	0.9784429848174868	0.9806180682674708	s3://suching-dev/ner-2003/test.txt	0.904920913883957	32.86548675872661	0.8982903000697837	0.9116501416430596	s3://suching-dev/ner-2003/train.txt	0	7.0	0.5	2	reduce_on_plateau	75	1	5e-05	adam	25	+f1-measure-overall	0.9999852667455714	0.9999901778303808	3171.172	17834.0	31	0.9999148863732584	4743	10	10	10	0.01194899826223595	0.9999574413754948	0.9998723349929785	0	0.9873641992134262	0.9888633620186129	s3://suching-dev/ner-2003/dev.txt	0.9384460141270944	22.582156382355038	0.9378151260504202	0.9390777515987884	10000	elmo fine-tuned
7	7	19	0.9828861804446868	0.9848526147735681	0.9160356722193678	41.261020744548134	0.9158815612382234	0.9161898350723662	BIOUL	ner	elmo_characters	conll2003	43	True	16	basic	0.17307278358786746							False	BIOUL	[['scalar_parameters', {'alpha': '0.19766498944161723', 'type': 'l2'}]]	False	0.4448620767439873	https://s3-us-west-2.amazonaws.com/allennlp/models/elmo/2x4096_512_2048cnn_2xhighway/elmo_2x4096_512_2048cnn_2xhighway_options.json	True	elmo_token_embedder	https://s3-us-west-2.amazonaws.com/allennlp/models/elmo/2x4096_512_2048cnn_2xhighway/elmo_2x4096_512_2048cnn_2xhighway_weights.hdf5	crf_tagger_elmo	3198.408	4745	10	10	4387	0.970819425002692	0.9736621083234628	s3://suching-dev/ner-2003/test.txt	0.8594968107724518	63.900288467054004	0.8601063829787234	0.8588881019830028	s3://suching-dev/ner-2003/train.txt	0	8.211296436485979	0.5	2	reduce_on_plateau	75	1	0.0006195938230406495	adam	25	+f1-measure-overall	0.9999901778303808	0.9999950889151904	3198.408	29861.000000000004	43	0.9999361661382142	4745	10	10	10	0.014004327028576315	0.999957443186654	0.9999148899953191	0	0.9826525446828396	0.9846384486585412	s3://suching-dev/ner-2003/dev.txt	0.914501891551022	42.229101592419184	0.913656979674114	0.9153483675530124	10000	elmo fine-tuned
11	11	6	0.9872668509793232	0.9889412406058954	0.9387411645909968	19.082665775336476	0.9387411645910468	0.9387411645910468	BIOUL	ner	elmo_characters	conll2003	30	True	16	basic	0.2821120101451437							False	BIOUL	[['scalar_parameters', {'alpha': '0.8495676473951336', 'type': 'l2'}]]	False	0.0070428422312365235	https://s3-us-west-2.amazonaws.com/allennlp/models/elmo/2x4096_512_2048cnn_2xhighway/elmo_2x4096_512_2048cnn_2xhighway_options.json	True	elmo_token_embedder	https://s3-us-west-2.amazonaws.com/allennlp/models/elmo/2x4096_512_2048cnn_2xhighway/elmo_2x4096_512_2048cnn_2xhighway_weights.hdf5	crf_tagger_elmo	3173.868	4743	10	10	10	0.9789813718100572	0.9813072036179606	s3://suching-dev/ner-2003/test.txt	0.906621991006034	28.69029771177857	0.9030388196030212	0.9102337110481586	s3://suching-dev/ner-2003/train.txt	0	8.280656768477405	0.5	2	reduce_on_plateau	75	1	4.092019495234108e-05	adam	25	+f1-measure-overall	0.9999852667455714	0.9999901778303808	3173.868	16673.0	30	0.999914889995269	4743	10	10	10	0.011817170304806876	0.9999148899953191	0.9999148899953191	0	0.9868969276897316	0.9885129083758419	s3://suching-dev/ner-2003/dev.txt	0.9365640249031976	21.575432763380164	0.9364064602960968	0.9367216425445978	10000	elmo fine-tuned
21	21	8	0.98748101709435	0.9889607102527159	0.9390705101268516	21.249971515992108	0.9378881987577641	0.9402558061258836	BIOUL	ner	elmo_characters	conll2003	32	True	16	basic	0.1							False	BIOUL	[['scalar_parameters', {'alpha': '0.0', 'type': 'l2'}]]	False	0.3686643501502712	https://s3-us-west-2.amazonaws.com/allennlp/models/elmo/2x4096_512_2048cnn_2xhighway/elmo_2x4096_512_2048cnn_2xhighway_options.json	True	elmo_token_embedder	https://s3-us-west-2.amazonaws.com/allennlp/models/elmo/2x4096_512_2048cnn_2xhighway/elmo_2x4096_512_2048cnn_2xhighway_weights.hdf5	crf_tagger_elmo	3189.792	4743	10	10	10	0.9789167653709486	0.9810272423818241	s3://suching-dev/ner-2003/test.txt	0.9064507612425796	32.82971876859665	0.9011373578302712	0.911827195467422	s3://suching-dev/ner-2003/train.txt	0	7.0	0.5	2	reduce_on_plateau	75	1	5e-05	adam	25	+f1-measure-overall	0.9999852667455714	0.9999901778303808	3189.792	18151.0	32	0.9999148863732584	4743	10	10	10	0.01763513147966737	0.9999574413754948	0.9998723349929785	0	0.9870916241579378	0.988571317316304	s3://suching-dev/ner-2003/dev.txt	0.9363384071986718	23.176061602199784	0.9357875273155152	0.9368899360484684	10000	elmo fine-tuned
20	20	15	0.9884350297885596	0.989856314006464	0.9456686291000342	22.05222295779808	0.945191661062542	0.9461460787613598	BIOUL	ner	elmo_characters	conll2003	39	True	16	basic	0.457507118289045							False	BIOUL	[['scalar_parameters', {'alpha': '0.03388615542538694', 'type': 'l2'}]]	False	0.10367592109354223	https://s3-us-west-2.amazonaws.com/allennlp/models/elmo/2x4096_512_2048cnn_2xhighway/elmo_2x4096_512_2048cnn_2xhighway_options.json	True	elmo_token_embedder	https://s3-us-west-2.amazonaws.com/allennlp/models/elmo/2x4096_512_2048cnn_2xhighway/elmo_2x4096_512_2048cnn_2xhighway_weights.hdf5	crf_tagger_elmo	3201.952	4745	10	10	10	0.9785506622160008	0.9810057069021212	s3://suching-dev/ner-2003/test.txt	0.9026455026454528	36.583951632181794	0.899156711173577	0.9061614730878188	s3://suching-dev/ner-2003/train.txt	0	5.854795552116915	0.5	2	reduce_on_plateau	75	1	7.936014424238916e-05	adam	25	+f1-measure-overall	0.9999852667455714	0.9999901778303808	3201.952	21517.0	39	0.999914889995269	4745	10	10	10	0.013629574289347591	0.9999148899953191	0.9999148899953191	0	0.9883182119076359	0.9896810871850784	s3://suching-dev/ner-2003/dev.txt	0.9445799344041212	22.72347043542301	0.9440242057488654	0.9451363177381352	10000	elmo fine-tuned
19	19	5	0.9877146528561972	0.9891748763677428	0.9397833207356516	18.878621386546715	0.9379715004191116	0.9416021541568496	BIOUL	ner	elmo_characters	conll2003	29	True	16	basic	0.1							False	BIOUL	[['scalar_parameters', {'alpha': '0.0', 'type': 'l2'}]]	False	0.3130204687717395	https://s3-us-west-2.amazonaws.com/allennlp/models/elmo/2x4096_512_2048cnn_2xhighway/elmo_2x4096_512_2048cnn_2xhighway_options.json	True	elmo_token_embedder	https://s3-us-west-2.amazonaws.com/allennlp/models/elmo/2x4096_512_2048cnn_2xhighway/elmo_2x4096_512_2048cnn_2xhighway_weights.hdf5	crf_tagger_elmo	3196.9359999999997	4743	10	10	10	0.977839991385808	0.9802088941531172	s3://suching-dev/ner-2003/test.txt	0.9037480204117044	32.26888486632594	0.8982161594963274	0.9093484419263456	s3://suching-dev/ner-2003/train.txt	0	7.0	0.5	2	reduce_on_plateau	75	1	5e-05	adam	25	+f1-measure-overall	0.999980355660762	0.9999852667455714	3196.9359999999997	15956.000000000002	29	0.9998936102303904	4743	10	10	10	0.013990993108727666	0.9999148863733084	0.9998723349929785	0	0.9870916241579378	0.988571317316304	s3://suching-dev/ner-2003/dev.txt	0.9369111709286176	22.005792772068702	0.9365960309451732	0.93722652305621	10000	elmo fine-tuned
0	0	38	0.9122503017795256	0.9185389977025816	0.5166823912856521	47.388552277695894	0.526849746370474	0.5069000336587007	BIOUL	ner	elmo_characters	conll2003	62	True	16	basic	0.22107699803448266							False	BIOUL	[['scalar_parameters', {'alpha': '0.6682505796405481', 'type': 'l2'}]]	False	0.3347807998786057	https://s3-us-west-2.amazonaws.com/allennlp/models/elmo/2x4096_512_2048cnn_2xhighway/elmo_2x4096_512_2048cnn_2xhighway_options.json	True	elmo_token_embedder	https://s3-us-west-2.amazonaws.com/allennlp/models/elmo/2x4096_512_2048cnn_2xhighway/elmo_2x4096_512_2048cnn_2xhighway_weights.hdf5	crf_tagger_elmo	3165.6279999999997	4745	10	10	10	0.8978572197695703	0.9080435016689996	s3://suching-dev/ner-2003/test.txt	0.4993712951319779	46.13998822812681	0.5067444403937295	0.4922096317280453	s3://suching-dev/ner-2003/train.txt	0	9.112803833748712	0.5	2	reduce_on_plateau	75	1	0.026937301952324282	adam	25	+f1-measure-overall	0.9043369789952904	0.9131474651435756	3165.6279999999997	33859.0	62	0.4817540631707566	4745	10	10	10	67.12849569646535	0.4963665086887836	0.4679773607387549	0	0.9108095479148008	0.91688407772283	s3://suching-dev/ner-2003/dev.txt	0.5105939562347539	46.90111405241724	0.527448869752422	0.4947829013800068	10000	elmo fine-tuned
15	15	15	0.9845995093649	0.986390716872396	0.9279150155972856	16.209859163153407	0.9297178577462408	0.9261191518007404	BIOUL	ner	elmo_characters	conll2003	39	True	16	basic	0.29274427307298445							False	BIOUL	[['scalar_parameters', {'alpha': '0.00268604685753788', 'type': 'l2'}]]	False	0.32748051308784953	https://s3-us-west-2.amazonaws.com/allennlp/models/elmo/2x4096_512_2048cnn_2xhighway/elmo_2x4096_512_2048cnn_2xhighway_options.json	True	elmo_token_embedder	https://s3-us-west-2.amazonaws.com/allennlp/models/elmo/2x4096_512_2048cnn_2xhighway/elmo_2x4096_512_2048cnn_2xhighway_weights.hdf5	crf_tagger_elmo	3202.992	4745	10	10	10	0.9761817594486916	0.9787875524927316	s3://suching-dev/ner-2003/test.txt	0.8947275612766209	22.051333634941667	0.8911134527572884	0.898371104815864	s3://suching-dev/ner-2003/train.txt	0	6.518633770088072	0.5	2	reduce_on_plateau	75	1	7.84597150531899e-06	adam	25	+f1-measure-overall	0.9994303141620952	0.9994990693494286	3202.992	21628.0	39	0.9970846721851688	4745	10	10	10	1.0572065199345588	0.9971907721120286	0.9969785948338228	0	0.9846189790117208	0.9864101865192164	s3://suching-dev/ner-2003/dev.txt	0.9273309728544432	16.30294201420803	0.929054054054054	0.9256142712891282	10000	elmo fine-tuned
0	0	3	0.8327362641641679	0.8502200070090729	0.03204920686305513	141.18311365445456	0.4194915254237286	0.01666105688320431	BIOUL	ner	elmo_characters	conll2003	7	True	16	basic	0.2931979108549477	True	0.4418568511144244	164.0	1024.0	2.0	lstm	False	BIOUL	[['scalar_parameters', {'alpha': '0.3947457924334459', 'type': 'l2'}]]	False	0.2852813809940413	https://s3-us-west-2.amazonaws.com/allennlp/models/elmo/2x4096_512_2048cnn_2xhighway/elmo_2x4096_512_2048cnn_2xhighway_options.json	True	elmo_token_embedder	https://s3-us-west-2.amazonaws.com/allennlp/models/elmo/2x4096_512_2048cnn_2xhighway/elmo_2x4096_512_2048cnn_2xhighway_weights.hdf5	crf_tagger	3210.0640000000003	5039	10	10	10	0.8260363949606977	0.8509314094971465	s3://suching-dev/ner-2003/test.txt	0.03511733918621434	123.1761965751648	0.37818181818181795	0.018413597733711047	s3://suching-dev/ner-2003/train.txt	0	6.948457525391178	0.5	2	reduce_on_plateau	20	1	0.009705729158418065	adam	5	+f1-measure-overall	0.8328905171863413	0.8572986086896734	3210.028	4491.0	7	0.003560679920307816	5039	10	10	10	128.280933558262	0.4565217391304343	0.0017873100983020554	0	0.8325026284023208	0.8500253105408668	s3://suching-dev/ner-2003/dev.txt	0.0	139.33697736497018	0.0	0.0	10000	elmo fine-tuned
1	1	13	0.9786612670846152	0.9805498228262142	0.8911777121147664	18.191670957733606	0.8941216330679316	0.8882531134298216	BIOUL	ner	elmo_characters	conll2003	17	True	16	basic	0.3121711884474142	True	0.4509423357473642	360.0	1024.0	2.0	lstm	False	BIOUL	[['scalar_parameters', {'alpha': '0.045824583371323606', 'type': 'l2'}]]	False	0.25164865736221365	https://s3-us-west-2.amazonaws.com/allennlp/models/elmo/2x4096_512_2048cnn_2xhighway/elmo_2x4096_512_2048cnn_2xhighway_options.json	True	elmo_token_embedder	https://s3-us-west-2.amazonaws.com/allennlp/models/elmo/2x4096_512_2048cnn_2xhighway/elmo_2x4096_512_2048cnn_2xhighway_weights.hdf5	crf_tagger	3212.032	4543	9691	10	10	0.9645956713685796	0.9680628836007322	s3://suching-dev/ner-2003/test.txt	0.8378306644253238	29.50756518046061	0.8373121131741822	0.8383498583569405	s3://suching-dev/ner-2003/train.txt	0	8.926951936382423	0.5	2	reduce_on_plateau	20	1	0.0016255596343485758	adam	5	+f1-measure-overall	0.9956193123499051	0.9963117753080478	3212.032	14352.0	17	0.9793100509257774	4543	10	10	10	2.3923277185364267	0.9807101399795152	0.9779139537852676	0	0.9780382383863556	0.979907324481134	s3://suching-dev/ner-2003/dev.txt	0.8881595556677108	19.21141728583504	0.8882343039892274	0.8880848199259509	10000	elmo fine-tuned
2	2	3	0.8024025544176628	0.8199252365562089	0.07714939522715278	174.49380757761935	0.10942812982998454	0.05957590037024571	BIOUL	ner	elmo_characters	conll2003	7	True	16	basic	0.12840219630079908	True	0.005806501643511652	434.0	1024.0	3.0	lstm	False	BIOUL	[['scalar_parameters', {'alpha': '0.0024027352427973482', 'type': 'l2'}]]	False	0.08397594736796504	https://s3-us-west-2.amazonaws.com/allennlp/models/elmo/2x4096_512_2048cnn_2xhighway/elmo_2x4096_512_2048cnn_2xhighway_options.json	True	elmo_token_embedder	https://s3-us-west-2.amazonaws.com/allennlp/models/elmo/2x4096_512_2048cnn_2xhighway/elmo_2x4096_512_2048cnn_2xhighway_weights.hdf5	crf_tagger	3269.248	5001	9691	10297	9689	0.7960805426940885	0.821018628189943	s3://suching-dev/ner-2003/test.txt	0.11138067931181893	148.2353166650843	0.1476608187134503	0.08941218130311615	s3://suching-dev/ner-2003/train.txt	0	5.370465013857288	0.5	2	reduce_on_plateau	20	1	0.016431660301948973	adam	5	+f1-measure-overall	0.8325123636560079	0.8569057219049115	3269.248	11314.0	7	8.494372478194174e-05	5001	9691	10	10	135.85649605927	0.021739130434782563	4.255500234052513e-05	0	0.8325026284023208	0.8500253105408668	s3://suching-dev/ner-2003/dev.txt	0.0	143.85055360607072	0.0	0.0	10000	elmo fine-tuned
3	3	1	0.8343133055566372	0.8518359876951832	0.04897696149507802	136.1884841217714	0.5735849056603771	0.02558061258835409	BIOUL	ner	elmo_characters	conll2003	5	True	16	basic	0.4456232531083239	True	0.3892026819508604	116.0	1024.0	3.0	lstm	False	BIOUL	[['scalar_parameters', {'alpha': '0.2258720445269406', 'type': 'l2'}]]	False	0.16467932309845312	https://s3-us-west-2.amazonaws.com/allennlp/models/elmo/2x4096_512_2048cnn_2xhighway/elmo_2x4096_512_2048cnn_2xhighway_options.json	True	elmo_token_embedder	https://s3-us-west-2.amazonaws.com/allennlp/models/elmo/2x4096_512_2048cnn_2xhighway/elmo_2x4096_512_2048cnn_2xhighway_weights.hdf5	crf_tagger	3202.0840000000003	4999	10	10	10	0.8265963174329708	0.8515344029288252	s3://suching-dev/ner-2003/test.txt	0.05198312236286028	119.0752696107935	0.5559566787003608	0.02726628895184136	s3://suching-dev/ner-2003/train.txt	0	9.595685251907359	0.5	2	reduce_on_plateau	20	1	0.008350289878173937	adam	5	+f1-measure-overall	0.8339316671659603	0.8582857367363877	3202.0840000000003	3303.0	5	0.055524352082152416	4997	10	10	10	123.99440850538109	0.4849334267694464	0.029448061619643386	0	0.8343133055566372	0.8518359876951832	s3://suching-dev/ner-2003/dev.txt	0.04897696149507802	134.0562486134323	0.5735849056603771	0.02558061258835409	10000	elmo fine-tuned
4	4	18	0.9798878548343132	0.9817569409290916	0.9034419227869864	25.990943946090397	0.8991498583097183	0.9077751598788288	BIOUL	ner	elmo_characters	conll2003	19	True	16	basic	0.1539392502409877	True	0.4395617691173224	129.0	1024.0	2.0	lstm	False	BIOUL	[['scalar_parameters', {'alpha': '0.009487502666954426', 'type': 'l2'}]]	False	0.15542625433595816	https://s3-us-west-2.amazonaws.com/allennlp/models/elmo/2x4096_512_2048cnn_2xhighway/elmo_2x4096_512_2048cnn_2xhighway_options.json	True	elmo_token_embedder	https://s3-us-west-2.amazonaws.com/allennlp/models/elmo/2x4096_512_2048cnn_2xhighway/elmo_2x4096_512_2048cnn_2xhighway_weights.hdf5	crf_tagger	3170.512	5277	10	10	10	0.972046947345752	0.9740066759987078	s3://suching-dev/ner-2003/test.txt	0.8732418974403274	28.04191462640409	0.8618727366787378	0.884915014164306	s3://suching-dev/ner-2003/train.txt	0	7.545185204312954	0.5	2	reduce_on_plateau	20	1	7.35006957473741e-06	adam	5	+f1-measure-overall	0.9899666537341434	0.9903988291973814	3170.512	11306.0	19	0.9520575563997038	5277	10	10	10	18.040058689399842	0.9496189669771379	0.9545087024979786	0	0.9798099762470308	0.9816206534013472	s3://suching-dev/ner-2003/dev.txt	0.90304755525782	25.90476087495393	0.8985338220593135	0.907606866374958	10000	elmo fine-tuned
5	5	1	0.43596433160702464	0.4534870137455706	0.06800914200997682	1557.9095705817724	0.04164775306400363	0.1852911477616964	BIOUL	ner	elmo_characters	conll2003	5	True	16	basic	0.3541929648489111	True	0.12177692479020864	469.0	1024.0	1.0	lstm	False	BIOUL	[['scalar_parameters', {'alpha': '0.04175428099699467', 'type': 'l2'}]]	False	0.032238594737780124	https://s3-us-west-2.amazonaws.com/allennlp/models/elmo/2x4096_512_2048cnn_2xhighway/elmo_2x4096_512_2048cnn_2xhighway_options.json	True	elmo_token_embedder	https://s3-us-west-2.amazonaws.com/allennlp/models/elmo/2x4096_512_2048cnn_2xhighway/elmo_2x4096_512_2048cnn_2xhighway_weights.hdf5	crf_tagger	3214.54	4799	10	10	10	0.4306880585765048	0.4556261440723592	s3://suching-dev/ner-2003/test.txt	0.06710867297139585	1269.848665661282	0.041429461874091	0.1765226628895184	s3://suching-dev/ner-2003/train.txt	0	7.990063189522933	0.5	2	reduce_on_plateau	20	1	0.09706048495454382	adam	5	+f1-measure-overall	0.6610909483795876	0.6838096267084436	3214.472	3293.0	5	0.035147516950656474	4799	10	10	10	1090.5188729323122	0.030864793537382126	0.0408102472445636	0	0.8325026284023208	0.8500253105408668	s3://suching-dev/ner-2003/dev.txt	0.0	1207.2032527549593	0.0	0.0	10000	elmo fine-tuned
6	6	7	0.9869358669833728	0.988571317316304	0.9362523066599064	22.85416874231077	0.933277591973244	0.9392460451026592	BIOUL	ner	elmo_characters	conll2003	11	True	16	basic	0.07337733891974735	True	0.407798858676161	430.0	1024.0	2.0	lstm	False	BIOUL	[['scalar_parameters', {'alpha': '0.00919535722959599', 'type': 'l2'}]]	False	0.1553803267811037	https://s3-us-west-2.amazonaws.com/allennlp/models/elmo/2x4096_512_2048cnn_2xhighway/elmo_2x4096_512_2048cnn_2xhighway_options.json	True	elmo_token_embedder	https://s3-us-west-2.amazonaws.com/allennlp/models/elmo/2x4096_512_2048cnn_2xhighway/elmo_2x4096_512_2048cnn_2xhighway_weights.hdf5	crf_tagger	3210.04	4863	10797	10	10	0.9769139657585872	0.9790675137288684	s3://suching-dev/ner-2003/test.txt	0.8974022566255077	36.58800340140307	0.8867761452031115	0.9082861189801701	s3://suching-dev/ner-2003/train.txt	0	7.914419422059831	0.5	2	reduce_on_plateau	20	1	2.071696066531549e-05	adam	5	+f1-measure-overall	0.9999656224063334	0.9999754445759524	3210.0359999999996	9148.0	11	0.9997872159332212	4863	10797	10	10	0.0534201426089981	0.999829765501979	0.9997446699859568	0	0.9867995794556288	0.9883960904949184	s3://suching-dev/ner-2003/dev.txt	0.93506711409391	24.479564358206357	0.9322515891602544	0.9378996970716932	10000	elmo fine-tuned
7	7	0	0.8325026284023208	0.8500253105408668	0.0	168.41415896135217	0.0	0.0	BIOUL	ner	elmo_characters	conll2003	4	True	16	basic	0.2549607118413755	True	0.3486591821874466	294.0	1024.0	2.0	lstm	False	BIOUL	[['scalar_parameters', {'alpha': '0.001146557482199748', 'type': 'l2'}]]	False	0.3051483479348266	https://s3-us-west-2.amazonaws.com/allennlp/models/elmo/2x4096_512_2048cnn_2xhighway/elmo_2x4096_512_2048cnn_2xhighway_options.json	True	elmo_token_embedder	https://s3-us-west-2.amazonaws.com/allennlp/models/elmo/2x4096_512_2048cnn_2xhighway/elmo_2x4096_512_2048cnn_2xhighway_weights.hdf5	crf_tagger	3181.8920000000003	4823	10	10	10	0.8253041886508022	0.8502422741466567	s3://suching-dev/ner-2003/test.txt	0.0	149.79285034426937	0.0	0.0	s3://suching-dev/ner-2003/train.txt	0	5.290803467178092	0.5	2	reduce_on_plateau	20	1	0.030285047077320132	adam	5	+f1-measure-overall	0.8248952711164369	0.8491756744147214	3181.8320000000003	2775.0	4	0.0038762886597878132	4813	10	10	10	141.38851178805754	0.0625832223701731	0.0020000851100046807	0	0.8325026284023208	0.8500253105408668	s3://suching-dev/ner-2003/dev.txt	0.0	146.72881150713155	0.0	0.0	10000	elmo fine-tuned
8	8	19	0.9760718040574744	0.9783302830886648	0.8767284991567798	19.806179479056716	0.8785062521122	0.8749579266240323	BIOUL	ner	elmo_characters	conll2003	19	True	16	basic	0.3172344193663608	True	0.0917973541342072	214.0	1024.0	2.0	lstm	False	BIOUL	[['scalar_parameters', {'alpha': '0.006029984764134144', 'type': 'l2'}]]	False	0.4235773452996111	https://s3-us-west-2.amazonaws.com/allennlp/models/elmo/2x4096_512_2048cnn_2xhighway/elmo_2x4096_512_2048cnn_2xhighway_options.json	True	elmo_token_embedder	https://s3-us-west-2.amazonaws.com/allennlp/models/elmo/2x4096_512_2048cnn_2xhighway/elmo_2x4096_512_2048cnn_2xhighway_weights.hdf5	crf_tagger	3222.448	4779	10817	10	10	0.9607838914611824	0.96444492301066	s3://suching-dev/ner-2003/test.txt	0.8234046314300366	30.13891173292089	0.8220967172608542	0.8247167138810199	s3://suching-dev/ner-2003/train.txt	0	6.514406477208348	0.5	2	reduce_on_plateau	20	1	0.0027789189985372273	adam	5	+f1-measure-overall	0.9944897628437146	0.9952657142436192	3222.448	26763.0	19	0.9736858926554376	4779	10817	10	10	2.85535925495224	0.9750362720832978	0.9723392484786588	0	0.9760718040574744	0.9783302830886648	s3://suching-dev/ner-2003/dev.txt	0.8767284991567798	19.806179479056716	0.8785062521122	0.8749579266240323	10000	elmo fine-tuned
9	9	5	0.8024025544176628	0.8199252365562089	0.07714939522715278	191.73178562463502	0.10942812982998454	0.05957590037024571	BIOUL	ner	elmo_characters	conll2003	9	True	16	basic	0.4114989006795536	True	0.3068671026787427	303.0	1024.0	3.0	lstm	False	BIOUL	[['scalar_parameters', {'alpha': '0.5351335061620054', 'type': 'l2'}]]	False	0.17919060737562734	https://s3-us-west-2.amazonaws.com/allennlp/models/elmo/2x4096_512_2048cnn_2xhighway/elmo_2x4096_512_2048cnn_2xhighway_options.json	True	elmo_token_embedder	https://s3-us-west-2.amazonaws.com/allennlp/models/elmo/2x4096_512_2048cnn_2xhighway/elmo_2x4096_512_2048cnn_2xhighway_weights.hdf5	crf_tagger	3254.32	4421	10	10	10	0.7960805426940885	0.821018628189943	s3://suching-dev/ner-2003/test.txt	0.11138067931181893	163.00473095752574	0.1476608187134503	0.08941218130311615	s3://suching-dev/ner-2003/train.txt	0	6.6195720497530965	0.5	2	reduce_on_plateau	20	1	0.04178375967380744	adam	5	+f1-measure-overall	0.8238442989671989	0.8479479032123406	3254.268	5977.0	9	0.0042257527121932325	4421	10	10	10	144.70727424360896	0.04676258992805756	0.0022128601217073066	0	0.8325026284023208	0.8500253105408668	s3://suching-dev/ner-2003/dev.txt	0.0	148.36240796481863	0.0	0.0	10000	elmo fine-tuned
10	10	5	0.8023246758303805	0.8198473579689265	0.07627765064831438	163.26631599314072	0.10819165378670788	0.058902726354762715	BIOUL	ner	elmo_characters	conll2003	9	True	16	basic	0.40954531151125295	True	0.4731076232256216	142.0	1024.0	1.0	lstm	False	BIOUL	[['scalar_parameters', {'alpha': '0.013457848125680665', 'type': 'l2'}]]	False	0.4263947692769344	https://s3-us-west-2.amazonaws.com/allennlp/models/elmo/2x4096_512_2048cnn_2xhighway/elmo_2x4096_512_2048cnn_2xhighway_options.json	True	elmo_token_embedder	https://s3-us-west-2.amazonaws.com/allennlp/models/elmo/2x4096_512_2048cnn_2xhighway/elmo_2x4096_512_2048cnn_2xhighway_weights.hdf5	crf_tagger	3171.928	4751	10817	10	10	0.7924625821040163	0.8174006675998707	s3://suching-dev/ner-2003/test.txt	0.07432730480806947	141.38819768693713	0.09853801169590644	0.0596671388101983	s3://suching-dev/ner-2003/train.txt	0	5.882976275786191	0.5	2	reduce_on_plateau	20	1	0.024342136249264318	adam	5	+f1-measure-overall	0.8327284513876271	0.8571021652972926	3171.928	13363.0	9	0.0005949092763350702	4751	9961	10	10	133.48201296378377	0.20588235294117588	0.0002978850163836759	0	0.8325026284023208	0.8500253105408668	s3://suching-dev/ner-2003/dev.txt	0.0	143.45682284878745	0.0	0.0	10000	elmo fine-tuned
11	11	12	0.9807250496475994	0.982827771504225	0.9028023226457466	36.03257695366354	0.90287830331594	0.902726354762706	BIOUL	ner	elmo_characters	conll2003	16	True	16	basic	0.23700995457600604	True	0.4674919740230576	109.0	1024.0	3.0	lstm	False	BIOUL	[['scalar_parameters', {'alpha': '0.011961648776716769', 'type': 'l2'}]]	False	0.03154934976211482	https://s3-us-west-2.amazonaws.com/allennlp/models/elmo/2x4096_512_2048cnn_2xhighway/elmo_2x4096_512_2048cnn_2xhighway_options.json	True	elmo_token_embedder	https://s3-us-west-2.amazonaws.com/allennlp/models/elmo/2x4096_512_2048cnn_2xhighway/elmo_2x4096_512_2048cnn_2xhighway_weights.hdf5	crf_tagger	3207.4359999999997	4759	10	10	10	0.9667922902982664	0.9699364703348768	s3://suching-dev/ner-2003/test.txt	0.8412880458755566	52.69592235706472	0.8384033761209777	0.8441926345609065	s3://suching-dev/ner-2003/train.txt	0	6.390738213040322	0.5	2	reduce_on_plateau	20	1	0.00039608746365522564	adam	5	+f1-measure-overall	0.9996660462329524	0.999710245996238	3207.4159999999997	9344.0	16	0.9982120051085068	4759	10	10	10	0.34370670028339545	0.998594608406797	0.9978296948806332	0	0.9806666407071376	0.9826525446828396	s3://suching-dev/ner-2003/dev.txt	0.9021949373475238	38.424432523110326	0.9016641452344932	0.902726354762706	10000	elmo fine-tuned
12	12	0	0.8696117752423971	0.8772633464428955	0.3965634184941852	80.7551609581592	0.3590828442746008	0.4427802086839448	BIOUL	ner	elmo_characters	conll2003	4	True	16	basic	0.3616930379023365	True	0.09180556231680016	302.0	1024.0	1.0	lstm	False	BIOUL	[['scalar_parameters', {'alpha': '0.04674770487454553', 'type': 'l2'}]]	False	0.3131777899927776	https://s3-us-west-2.amazonaws.com/allennlp/models/elmo/2x4096_512_2048cnn_2xhighway/elmo_2x4096_512_2048cnn_2xhighway_options.json	True	elmo_token_embedder	https://s3-us-west-2.amazonaws.com/allennlp/models/elmo/2x4096_512_2048cnn_2xhighway/elmo_2x4096_512_2048cnn_2xhighway_weights.hdf5	crf_tagger	3227.78	4769	10	10	10	0.856229137504038	0.8665015613222784	s3://suching-dev/ner-2003/test.txt	0.3924290220819696	73.04627569074985	0.35381114903299204	0.4405099150141643	s3://suching-dev/ner-2003/train.txt	0	9.677168491284302	0.5	2	reduce_on_plateau	20	1	0.005348821073740658	adam	5	+f1-measure-overall	0.817626865598342	0.8405026986411028	3227.78	2748.0	4	0.049947164494511816	4769	10	10	10	144.71151485747248	0.14496013085258638	0.03017149665943232	0	0.8309450566566723	0.8484677387952183	s3://suching-dev/ner-2003/dev.txt	0.013696448479047016	146.6653587631151	0.12759643916913946	0.007236620666442275	10000	elmo fine-tuned
13	13	5	0.9872473813325028	0.98876601378451	0.9380739742185026	24.58875279566821	0.9392610089421292	0.9368899360484684	BIOUL	ner	elmo_characters	conll2003	9	True	16	basic	0.4922683145521905	True	0.4561634336790201	429.0	1024.0	2.0	lstm	False	BIOUL	[['scalar_parameters', {'alpha': '0.08518433179784037', 'type': 'l2'}]]	False	0.08430091850982757	https://s3-us-west-2.amazonaws.com/allennlp/models/elmo/2x4096_512_2048cnn_2xhighway/elmo_2x4096_512_2048cnn_2xhighway_options.json	True	elmo_token_embedder	https://s3-us-west-2.amazonaws.com/allennlp/models/elmo/2x4096_512_2048cnn_2xhighway/elmo_2x4096_512_2048cnn_2xhighway_weights.hdf5	crf_tagger	3232.388	4861	10	10	10	0.9756003014967158	0.977861526865511	s3://suching-dev/ner-2003/test.txt	0.8919564640296819	42.078972436763614	0.8915620024765611	0.8923512747875354	s3://suching-dev/ner-2003/train.txt	0	9.85580646083256	0.5	2	reduce_on_plateau	20	1	0.00020906919593730866	adam	5	+f1-measure-overall	0.9998624896253332	0.999887045049381	3232.388	5600.0	9	0.9992340099578206	4861	10	10	10	0.11292256736875445	0.9992340099578706	0.9992340099578706	0	0.9862933686382928	0.9877341225030178	s3://suching-dev/ner-2003/dev.txt	0.9316174615190012	30.961788191514856	0.9312258281486464	0.9320094244362168	10000	elmo fine-tuned
14	14	8	0.988065106498968	0.9893306335423075	0.9409293336693896	25.492801949089646	0.9395871790568888	0.9422753281723324	BIOUL	ner	elmo_characters	conll2003	12	True	16	basic	0.011109685721369666	True	0.17991061914231354	373.0	1024.0	2.0	lstm	False	BIOUL	[['scalar_parameters', {'alpha': '0.006604842661171929', 'type': 'l2'}]]	False	0.3197318595047466	https://s3-us-west-2.amazonaws.com/allennlp/models/elmo/2x4096_512_2048cnn_2xhighway/elmo_2x4096_512_2048cnn_2xhighway_options.json	True	elmo_token_embedder	https://s3-us-west-2.amazonaws.com/allennlp/models/elmo/2x4096_512_2048cnn_2xhighway/elmo_2x4096_512_2048cnn_2xhighway_weights.hdf5	crf_tagger	3220.848	4851	10	10	10	0.97762463658878	0.9797781845590612	s3://suching-dev/ner-2003/test.txt	0.9000088097964438	42.041476717701656	0.8956689461686832	0.9043909348441926	s3://suching-dev/ner-2003/train.txt	0	5.5946049281233945	0.5	2	reduce_on_plateau	20	1	0.00017056889649443566	adam	5	+f1-measure-overall	0.999960711321524	0.9999705334911428	3220.848	7347.000000000001	12	0.9997659425069184	4851	10	10	10	0.03600834334523709	0.9997872159332708	0.9997446699859568	0	0.9875783653284528	0.9889996495463572	s3://suching-dev/ner-2003/dev.txt	0.9397022958539571	27.796522479431307	0.939149436880148	0.9402558061258836	10000	elmo fine-tuned
15	15	4	0.9876562439157354	0.9890775281336396	0.9398806020347604	19.789934817482447	0.93916988741388	0.9405923931336252	BIOUL	ner	elmo_characters	conll2003	8	True	16	basic	0.4211803305598532	True	0.08100929465017759	364.0	1024.0	1.0	lstm	False	BIOUL	[['scalar_parameters', {'alpha': '0.06802370406579358', 'type': 'l2'}]]	False	0.0756368305980602	https://s3-us-west-2.amazonaws.com/allennlp/models/elmo/2x4096_512_2048cnn_2xhighway/elmo_2x4096_512_2048cnn_2xhighway_options.json	True	elmo_token_embedder	https://s3-us-west-2.amazonaws.com/allennlp/models/elmo/2x4096_512_2048cnn_2xhighway/elmo_2x4096_512_2048cnn_2xhighway_weights.hdf5	crf_tagger	3204.4	4787	10	10	9683	0.9780768816625391	0.9800581457951976	s3://suching-dev/ner-2003/test.txt	0.9032258064515628	32.46300107902951	0.8968406353639379	0.9097025495750708	s3://suching-dev/ner-2003/train.txt	0	5.125417009017916	0.5	2	reduce_on_plateau	20	1	4.909049927193501e-05	adam	5	+f1-measure-overall	0.9999312448126668	0.9999459780670952	3204.4	6564.0	8	0.9996169723794028	4787	10	10	8673	0.07596154706295398	0.9997020642689934	0.9995318949742542	0	0.9875783653284528	0.9891164674272808	s3://suching-dev/ner-2003/dev.txt	0.9389742298329056	22.693007212059175	0.9366940211019928	0.9412655671491079	10000	elmo fine-tuned
16	16	11	0.9853977648845451	0.9872084420388614	0.9268333613021821	31.40070765158709	0.9241967871485944	0.9294850218781556	BIOUL	ner	elmo_characters	conll2003	15	True	16	basic	0.2600886371576004	True	0.4452072960513196	102.0	1024.0	2.0	lstm	False	BIOUL	[['scalar_parameters', {'alpha': '0.049122090374685116', 'type': 'l2'}]]	False	0.4824282665553925	https://s3-us-west-2.amazonaws.com/allennlp/models/elmo/2x4096_512_2048cnn_2xhighway/elmo_2x4096_512_2048cnn_2xhighway_options.json	True	elmo_token_embedder	https://s3-us-west-2.amazonaws.com/allennlp/models/elmo/2x4096_512_2048cnn_2xhighway/elmo_2x4096_512_2048cnn_2xhighway_weights.hdf5	crf_tagger	3202.5240000000003	4853	10297	10297	9689	0.974437385592764	0.97693550123829	s3://suching-dev/ner-2003/test.txt	0.8831533666929532	46.13147532498395	0.8758488594811075	0.8905807365439093	s3://suching-dev/ner-2003/train.txt	0	7.350987414825418	0.5	2	reduce_on_plateau	20	1	0.00015537543241990852	adam	5	+f1-measure-overall	0.9999705334911428	0.999980355660762	3202.5240000000003	12840.0	15	0.9998297727465668	4853	10297	10297	10	0.0454405977473974	0.9998723241264842	0.9997872249882974	0	0.9850083719481328	0.9867606401619876	s3://suching-dev/ner-2003/dev.txt	0.92582648095313	32.71051988882177	0.9231927710843374	0.9284752608549309	10000	elmo fine-tuned
17	17	5	0.9868190491024492	0.9884544994353802	0.9343298622774108	17.732685098461076	0.9324505531344284	0.9362167620329856	BIOUL	ner	elmo_characters	conll2003	9	True	16	basic	0.03264082834342075	True	0.2808007697427573	105.0	1024.0	1.0	lstm	False	BIOUL	[['scalar_parameters', {'alpha': '0.01274717655540321', 'type': 'l2'}]]	False	0.3798690003272132	https://s3-us-west-2.amazonaws.com/allennlp/models/elmo/2x4096_512_2048cnn_2xhighway/elmo_2x4096_512_2048cnn_2xhighway_options.json	True	elmo_token_embedder	https://s3-us-west-2.amazonaws.com/allennlp/models/elmo/2x4096_512_2048cnn_2xhighway/elmo_2x4096_512_2048cnn_2xhighway_weights.hdf5	crf_tagger	3206.312	4751	10	10	10	0.9767632174006676	0.9789167653709486	s3://suching-dev/ner-2003/test.txt	0.893743967710751	27.2735215999462	0.8858931988171856	0.9017351274787536	s3://suching-dev/ner-2003/train.txt	0	7.100234107293768	0.5	2	reduce_on_plateau	20	1	3.568935659937611e-05	adam	5	+f1-measure-overall	0.9999361558974762	0.9999459780670952	3206.292	5419.0	9	0.9996382439937364	4751	10	10	10	0.15507714711723675	0.9997446156465479	0.9995318949742542	0	0.9868969276897316	0.988376620848098	s3://suching-dev/ner-2003/dev.txt	0.933747585859384	19.003464394924688	0.931791520026814	0.9357118815213732	10000	elmo fine-tuned
18	18	5	0.9876173046220942	0.9893890424827694	0.9401594628618888	22.594823643273	0.9377197388247112	0.9426119151800741	BIOUL	ner	elmo_characters	conll2003	9	True	16	basic	0.043155365057722835	True	0.08013027885578461	336.0	1024.0	3.0	lstm	False	BIOUL	[['scalar_parameters', {'alpha': '0.021094124310214735', 'type': 'l2'}]]	False	0.2968933168941041	https://s3-us-west-2.amazonaws.com/allennlp/models/elmo/2x4096_512_2048cnn_2xhighway/elmo_2x4096_512_2048cnn_2xhighway_options.json	True	elmo_token_embedder	https://s3-us-west-2.amazonaws.com/allennlp/models/elmo/2x4096_512_2048cnn_2xhighway/elmo_2x4096_512_2048cnn_2xhighway_weights.hdf5	crf_tagger	3204.4440000000004	4871	10	10	10	0.9787014105739206	0.9812856681382578	s3://suching-dev/ner-2003/test.txt	0.9061591329632068	33.485283659564125	0.9019470268373968	0.9104107648725211	s3://suching-dev/ner-2003/train.txt	0	8.277519035128124	0.5	2	reduce_on_plateau	20	1	8.096064871974381e-05	adam	5	+f1-measure-overall	0.9999116004734284	0.9999410669822856	3204.4440000000004	5539.0	9	0.999510586232528	4871	10	10	10	0.11159081648211026	0.9995743956418114	0.9994467849695732	0	0.9875588956816324	0.9890775281336396	s3://suching-dev/ner-2003/dev.txt	0.9400535833890992	26.201764721496428	0.935354881706098	0.9447997307303938	10000	elmo fine-tuned
19	19	12	0.9819126981036564	0.98395701101982	0.9101816645542384	29.056993325551353	0.9139657220431021	0.9064288118478628	BIOUL	ner	elmo_characters	conll2003	16	True	16	basic	0.2781238623968517	True	0.4146568027313589	430.0	1024.0	2.0	lstm	False	BIOUL	[['scalar_parameters', {'alpha': '0.050278997759059994', 'type': 'l2'}]]	False	0.3773177671087951	https://s3-us-west-2.amazonaws.com/allennlp/models/elmo/2x4096_512_2048cnn_2xhighway/elmo_2x4096_512_2048cnn_2xhighway_options.json	True	elmo_token_embedder	https://s3-us-west-2.amazonaws.com/allennlp/models/elmo/2x4096_512_2048cnn_2xhighway/elmo_2x4096_512_2048cnn_2xhighway_weights.hdf5	crf_tagger	3202.292	4433	10	10	10	0.9681274900398408	0.9719823409066436	s3://suching-dev/ner-2003/test.txt	0.8520920316247169	46.39632310249186	0.8550543768942771	0.8491501416430595	s3://suching-dev/ner-2003/train.txt	0	6.490146215665148	0.5	2	reduce_on_plateau	20	1	0.0008618502503933586	adam	5	+f1-measure-overall	0.9997839122683808	0.999833023116476	3202.292	9636.0	16	0.998893287362143	4433	10	10	10	0.14841918743815874	0.999148465108358	0.9986382399251033	0	0.9810170943499084	0.9831782251469958	s3://suching-dev/ner-2003/dev.txt	0.9055011812351844	33.483731863545444	0.9079526226734348	0.9030629417704475	10000	elmo fine-tuned
20	20	2	0.9838791324325376	0.9856119309995716	0.921340744483696	20.660314873153087	0.9221173297370197	0.9205654661730056	BIOUL	ner	elmo_characters	conll2003	6	True	16	basic	0.40560790698031535	True	0.4424417878803526	492.0	1024.0	1.0	lstm	False	BIOUL	[['scalar_parameters', {'alpha': '0.0010288503593799542', 'type': 'l2'}]]	False	0.400369073127031	https://s3-us-west-2.amazonaws.com/allennlp/models/elmo/2x4096_512_2048cnn_2xhighway/elmo_2x4096_512_2048cnn_2xhighway_options.json	True	elmo_token_embedder	https://s3-us-west-2.amazonaws.com/allennlp/models/elmo/2x4096_512_2048cnn_2xhighway/elmo_2x4096_512_2048cnn_2xhighway_weights.hdf5	crf_tagger	3212.3759999999997	5063	10	10	10	0.9743081727145472	0.9770216431571012	s3://suching-dev/ner-2003/test.txt	0.8861162728961539	31.517835021018985	0.8857243941270122	0.8865084985835694	s3://suching-dev/ner-2003/train.txt	0	8.649017546323886	0.5	2	reduce_on_plateau	20	1	0.0002812665545968684	adam	5	+f1-measure-overall	0.9972055927433809	0.9975493686800476	3212.3759999999997	3853.0000000000014	6	0.9860833297867312	5063	10	10	10	2.5373755110250595	0.9861672696318364	0.9859994042299672	0	0.9825551964487363	0.9849110237140298	s3://suching-dev/ner-2003/dev.txt	0.9139540751955088	32.847267964307	0.9135698671599124	0.914338606529788	10000	elmo fine-tuned
21	21	4	0.9866632919278844	0.98812351543943	0.9348942979869796	22.718238867965397	0.935761254425898	0.9340289464826658	BIOUL	ner	elmo_characters	conll2003	8	True	16	basic	0.17180303794174628	True	0.34149480046888536	309.0	1024.0	1.0	lstm	False	BIOUL	[['scalar_parameters', {'alpha': '0.28505413650212796', 'type': 'l2'}]]	False	0.2019877901880422	https://s3-us-west-2.amazonaws.com/allennlp/models/elmo/2x4096_512_2048cnn_2xhighway/elmo_2x4096_512_2048cnn_2xhighway_options.json	True	elmo_token_embedder	https://s3-us-west-2.amazonaws.com/allennlp/models/elmo/2x4096_512_2048cnn_2xhighway/elmo_2x4096_512_2048cnn_2xhighway_weights.hdf5	crf_tagger	3210.28	4391	10	10	10	0.9765693980833424	0.9788952298912458	s3://suching-dev/ner-2003/test.txt	0.8933085830460032	35.069760079737065	0.8919682259488084	0.8946529745042493	s3://suching-dev/ner-2003/train.txt	0	5.417800972465212	0.5	2	reduce_on_plateau	20	1	0.00020056935805460433	adam	5	+f1-measure-overall	0.9999263337278572	0.9999410669822856	3210.28	4973.0	8	0.9995531249334508	4391	10	10	10	0.06745886064176072	0.9996594875287308	0.9994467849695732	0	0.9869163973365525	0.9882403333203535	s3://suching-dev/ner-2003/dev.txt	0.934455195624687	26.420845330930227	0.934376577486118	0.934533826994278	10000	elmo fine-tuned
22	22	1	0.8972976130212998	0.9048713056345158	0.4984678243104709	55.547682264271906	0.5043058904581468	0.4927633793335578	BIOUL	ner	elmo_characters	conll2003	5	True	16	basic	0.02941208284355457	True	0.05597135473434428	283.0	1024.0	3.0	lstm	False	BIOUL	[['scalar_parameters', {'alpha': '0.06854001068989136', 'type': 'l2'}]]	False	0.06319180871278307	https://s3-us-west-2.amazonaws.com/allennlp/models/elmo/2x4096_512_2048cnn_2xhighway/elmo_2x4096_512_2048cnn_2xhighway_options.json	True	elmo_token_embedder	https://s3-us-west-2.amazonaws.com/allennlp/models/elmo/2x4096_512_2048cnn_2xhighway/elmo_2x4096_512_2048cnn_2xhighway_weights.hdf5	crf_tagger	3253.0840000000003	4845	10	10	10	0.8883385377409282	0.8983956067621406	s3://suching-dev/ner-2003/test.txt	0.4993804213134568	52.364606406953605	0.4992920353982301	0.4994688385269122	s3://suching-dev/ner-2003/train.txt	0	8.118631048404836	0.5	2	reduce_on_plateau	20	1	0.0029668248208939477	adam	5	+f1-measure-overall	0.8393780602197219	0.8616498298309113	3253.052	3373.0	5	0.1703605919543923	4845	10	10	10	113.47777453098864	0.4637790807641384	0.10434486573896762	0	0.8406604104201549	0.8569759744558234	s3://suching-dev/ner-2003/dev.txt	0.14710622710620458	129.54823305560095	0.5685164212910532	0.0844833389431168	10000	elmo fine-tuned
23	23	8	0.8024025544176628	0.8199252365562089	0.07714939522715278	166.6433697494806	0.10942812982998454	0.05957590037024571	BIOUL	ner	elmo_characters	conll2003	12	True	16	basic	0.2539098687014041	True	0.2859805832493548	247.0	1024.0	1.0	lstm	False	BIOUL	[['scalar_parameters', {'alpha': '0.0011127005635317398', 'type': 'l2'}]]	False	0.41511565509192544	https://s3-us-west-2.amazonaws.com/allennlp/models/elmo/2x4096_512_2048cnn_2xhighway/elmo_2x4096_512_2048cnn_2xhighway_options.json	True	elmo_token_embedder	https://s3-us-west-2.amazonaws.com/allennlp/models/elmo/2x4096_512_2048cnn_2xhighway/elmo_2x4096_512_2048cnn_2xhighway_weights.hdf5	crf_tagger	3216.68	4769	10	10	10	0.7960805426940885	0.821018628189943	s3://suching-dev/ner-2003/test.txt	0.11138067931181893	141.23344529999628	0.1476608187134503	0.08941218130311615	s3://suching-dev/ner-2003/train.txt	0	5.889631140803193	0.5	2	reduce_on_plateau	20	1	0.03740876739206713	adam	5	+f1-measure-overall	0.8310243049587224	0.8553145304266259	3216.652	7792.000000000001	12	0.002515617793800287	4769	10	10	10	134.8769473725408	0.0852272727272727	0.0012766500702157536	0	0.8325026284023208	0.8500253105408668	s3://suching-dev/ner-2003/dev.txt	0.0	146.44673957076728	0.0	0.0	10000	elmo fine-tuned
24	24	19	0.9647794089015224	0.9663369806471712	0.8359289502482874	37.29545894791098	0.8362809499747347	0.8355772467182767	BIOUL	ner	elmo_characters	conll2003	19	True	16	basic	0.4397203299618831	True	0.4760553004498322	125.0	1024.0	2.0	lstm	False	BIOUL	[['scalar_parameters', {'alpha': '0.21738006211960853', 'type': 'l2'}]]	False	0.4966003813542628	https://s3-us-west-2.amazonaws.com/allennlp/models/elmo/2x4096_512_2048cnn_2xhighway/elmo_2x4096_512_2048cnn_2xhighway_options.json	True	elmo_token_embedder	https://s3-us-west-2.amazonaws.com/allennlp/models/elmo/2x4096_512_2048cnn_2xhighway/elmo_2x4096_512_2048cnn_2xhighway_weights.hdf5	crf_tagger	3201.5240000000003	4425	10	10	10	0.9580704210186282	0.9598147948745558	s3://suching-dev/ner-2003/test.txt	0.811924594476057	38.72739849267183	0.8042383185686991	0.8197592067988668	s3://suching-dev/ner-2003/train.txt	0	6.992081117538826	0.5	2	reduce_on_plateau	20	1	1.0108735082809916e-05	adam	5	+f1-measure-overall	0.971692507157906	0.9720215498401442	3201.5240000000003	11039.0	19	0.8622652369480838	4425	10	10	10	29.588001033439728	0.8639043143955575	0.8606323673347802	0	0.9647794089015224	0.9663369806471712	s3://suching-dev/ner-2003/dev.txt	0.8359289502482874	37.29545894791098	0.8362809499747347	0.8355772467182767	10000	elmo fine-tuned
25	25	10	0.988065106498968	0.9895447996573342	0.9405641370046512	27.341736368104524	0.938358458961474	0.9427802086839449	BIOUL	ner	elmo_characters	conll2003	14	True	16	basic	0.3443563028363219	True	0.44999703100735294	412.0	1024.0	2.0	lstm	False	BIOUL	[['scalar_parameters', {'alpha': '0.0026932180642122265', 'type': 'l2'}]]	False	0.3180018321034324	https://s3-us-west-2.amazonaws.com/allennlp/models/elmo/2x4096_512_2048cnn_2xhighway/elmo_2x4096_512_2048cnn_2xhighway_options.json	True	elmo_token_embedder	https://s3-us-west-2.amazonaws.com/allennlp/models/elmo/2x4096_512_2048cnn_2xhighway/elmo_2x4096_512_2048cnn_2xhighway_weights.hdf5	crf_tagger	3225.8759999999997	4489	10	10	10	0.97831377193927	0.9804027134704424	s3://suching-dev/ner-2003/test.txt	0.9033727551466868	44.73645939650359	0.8940523669152072	0.9128895184135978	s3://suching-dev/ner-2003/train.txt	0	5.684494762659713	0.5	2	reduce_on_plateau	20	1	5.1526036006497853e-05	adam	5	+f1-measure-overall	0.9999705334911428	0.999980355660762	3225.8759999999997	8335.0	14	0.9998084984147424	4489	10	10	10	0.039745088354523984	0.9998297727466168	0.9997872249882974	0	0.9876367742689148	0.9891164674272808	s3://suching-dev/ner-2003/dev.txt	0.9381451951321363	28.19221679369609	0.9357106981416372	0.9405923931336252	10000	elmo fine-tuned
26	26	3	0.8024025544176628	0.8199252365562089	0.07714939522715278	316.2258892246321	0.10942812982998454	0.05957590037024571	BIOUL	ner	elmo_characters	conll2003	7	True	16	basic	0.4120516003141579	True	0.32407067847094223	355.0	1024.0	1.0	lstm	False	BIOUL	[['scalar_parameters', {'alpha': '0.10783173749462638', 'type': 'l2'}]]	False	0.20187242446544912	https://s3-us-west-2.amazonaws.com/allennlp/models/elmo/2x4096_512_2048cnn_2xhighway/elmo_2x4096_512_2048cnn_2xhighway_options.json	True	elmo_token_embedder	https://s3-us-west-2.amazonaws.com/allennlp/models/elmo/2x4096_512_2048cnn_2xhighway/elmo_2x4096_512_2048cnn_2xhighway_weights.hdf5	crf_tagger	3216.248	4785	10795	10	10	0.7960805426940885	0.821018628189943	s3://suching-dev/ner-2003/test.txt	0.11138067931181893	257.9080064385026	0.1476608187134503	0.08941218130311615	s3://suching-dev/ner-2003/train.txt	0	7.5199065450197615	0.5	2	reduce_on_plateau	20	1	0.06129030450000169	adam	5	+f1-measure-overall	0.7202105873166323	0.7430029319176313	3216.244	7520.000000000001	7	0.029199970305066276	4785	10	10	10	267.60293815456384	0.034886471144749284	0.025107451380909827	0	0.8325026284023208	0.8500253105408668	s3://suching-dev/ner-2003/dev.txt	0.0	201.86469691407447	0.0	0.0	10000	elmo fine-tuned
27	27	9	0.9854367041781862	0.9870332152174759	0.9276409782334152	32.857376930760395	0.9264730569078397	0.9288118478626723	BIOUL	ner	elmo_characters	conll2003	13	True	16	basic	0.4594887453273087	True	0.1595084173857748	344.0	1024.0	3.0	lstm	False	BIOUL	[['scalar_parameters', {'alpha': '0.005523832445545113', 'type': 'l2'}]]	False	0.3700321186677094	https://s3-us-west-2.amazonaws.com/allennlp/models/elmo/2x4096_512_2048cnn_2xhighway/elmo_2x4096_512_2048cnn_2xhighway_options.json	True	elmo_token_embedder	https://s3-us-west-2.amazonaws.com/allennlp/models/elmo/2x4096_512_2048cnn_2xhighway/elmo_2x4096_512_2048cnn_2xhighway_weights.hdf5	crf_tagger	3228.684	4873	9993	10	10	0.974222030795736	0.9765263271239368	s3://suching-dev/ner-2003/test.txt	0.8827002731999147	48.56220107166856	0.8787506580101773	0.886685552407932	s3://suching-dev/ner-2003/train.txt	0	5.571235849145489	0.5	2	reduce_on_plateau	20	1	0.00022430468010822032	adam	5	+f1-measure-overall	0.9998674007101428	0.999877222879762	3228.684	18972.0	13	0.9992552716130316	4873	9993	10	10	0.13442132724185182	0.9992765341731212	0.9992340099578706	0	0.9850862505354152	0.9867995794556288	s3://suching-dev/ner-2003/dev.txt	0.9250754274220084	36.00035120926651	0.9213689482470784	0.9288118478626723	10000	elmo fine-tuned
28	28	19	0.9503134613138118	0.9522993652895136	0.7178843417858736	50.36569607959074	0.7140003329448976	0.7218108381016493	BIOUL	ner	elmo_characters	conll2003	19	True	16	basic	0.3619841509566254	True	0.06313621503716849	163.0	1024.0	3.0	lstm	False	BIOUL	[['scalar_parameters', {'alpha': '0.021712483987771904', 'type': 'l2'}]]	False	0.3498364332095501	https://s3-us-west-2.amazonaws.com/allennlp/models/elmo/2x4096_512_2048cnn_2xhighway/elmo_2x4096_512_2048cnn_2xhighway_options.json	True	elmo_token_embedder	https://s3-us-west-2.amazonaws.com/allennlp/models/elmo/2x4096_512_2048cnn_2xhighway/elmo_2x4096_512_2048cnn_2xhighway_weights.hdf5	crf_tagger	3174.028	5591	10	10	10	0.9433616883816088	0.9456229137504036	s3://suching-dev/ner-2003/test.txt	0.7029565217390805	51.26349228841287	0.6907040328092959	0.7156515580736544	s3://suching-dev/ner-2003/train.txt	0	9.727661953816591	0.5	2	reduce_on_plateau	20	1	6.086971080722417e-06	adam	5	+f1-measure-overall	0.9569150529660496	0.9578579812494782	3174.028	10981.0	19	0.7411130753338087	5591	10	10	10	39.83208173934311	0.7418557052703394	0.7403719307204562	0	0.9503134613138118	0.9522993652895136	s3://suching-dev/ner-2003/dev.txt	0.7178843417858736	50.36569607959074	0.7140003329448976	0.7218108381016493	10000	elmo fine-tuned
29	29	2	0.8024025544176628	0.8199252365562089	0.07714939522715278	189.90573765249812	0.10942812982998454	0.05957590037024571	BIOUL	ner	elmo_characters	conll2003	6	True	16	basic	0.284967107266876	True	0.20747835046864535	248.0	1024.0	1.0	lstm	False	BIOUL	[['scalar_parameters', {'alpha': '0.001840918625033969', 'type': 'l2'}]]	False	0.3605345287278693	https://s3-us-west-2.amazonaws.com/allennlp/models/elmo/2x4096_512_2048cnn_2xhighway/elmo_2x4096_512_2048cnn_2xhighway_options.json	True	elmo_token_embedder	https://s3-us-west-2.amazonaws.com/allennlp/models/elmo/2x4096_512_2048cnn_2xhighway/elmo_2x4096_512_2048cnn_2xhighway_weights.hdf5	crf_tagger	3211.388	5117	10	10	10	0.7960805426940885	0.821018628189943	s3://suching-dev/ner-2003/test.txt	0.11138067931181893	161.77924181796885	0.1476608187134503	0.08941218130311615	s3://suching-dev/ner-2003/train.txt	0	5.890594610101585	0.5	2	reduce_on_plateau	20	1	0.012812547618713371	adam	5	+f1-measure-overall	0.8286768064197699	0.8529080988699593	3211.38	3920.0000000000014	6	0.003907549052206982	5117	10	10	10	139.72596876279096	0.08438061041292637	0.0020000851100046807	0	0.8325026284023208	0.8500253105408668	s3://suching-dev/ner-2003/dev.txt	0.0	151.15858307539247	0.0	0.0	10000	elmo fine-tuned
30	30	19	0.9822631517464272	0.9845605700712587	0.9106768430763571	24.86197756084741	0.9077077411804046	0.9136654325143051	BIOUL	ner	elmo_characters	conll2003	19	True	16	basic	0.18042875828513	True	0.1859993399868271	154.0	1024.0	3.0	lstm	False	BIOUL	[['scalar_parameters', {'alpha': '0.0028987767111750096', 'type': 'l2'}]]	False	0.3124261371979433	https://s3-us-west-2.amazonaws.com/allennlp/models/elmo/2x4096_512_2048cnn_2xhighway/elmo_2x4096_512_2048cnn_2xhighway_options.json	True	elmo_token_embedder	https://s3-us-west-2.amazonaws.com/allennlp/models/elmo/2x4096_512_2048cnn_2xhighway/elmo_2x4096_512_2048cnn_2xhighway_weights.hdf5	crf_tagger	3217.664	4777	10	10	10	0.9727576181759447	0.9754710886184991	s3://suching-dev/ner-2003/test.txt	0.8739495798318828	33.03126932735796	0.8642659279778393	0.8838526912181303	s3://suching-dev/ner-2003/train.txt	0	8.296585363098954	0.5	2	reduce_on_plateau	20	1	1.6881499418079245e-05	adam	5	+f1-measure-overall	0.9986985625254764	0.9988458950697621	3217.664	11104.0	19	0.9941667376308791	4777	10	10	10	2.597990209868937	0.9947173348102076	0.9936167496489212	0	0.9822631517464272	0.9845605700712587	s3://suching-dev/ner-2003/dev.txt	0.9106768430763571	24.86197756084741	0.9077077411804046	0.9136654325143051	10000	elmo fine-tuned
31	31	7	0.9879482886180444	0.9894279817764106	0.939360899102525	23.478009611952537	0.9362982778799532	0.9424436216762032	BIOUL	ner	elmo_characters	conll2003	11	True	16	basic	0.04217446071764114	True	0.35142984889894474	417.0	1024.0	3.0	lstm	False	BIOUL	[['scalar_parameters', {'alpha': '0.2269350033294516', 'type': 'l2'}]]	False	0.17338625051635848	https://s3-us-west-2.amazonaws.com/allennlp/models/elmo/2x4096_512_2048cnn_2xhighway/elmo_2x4096_512_2048cnn_2xhighway_options.json	True	elmo_token_embedder	https://s3-us-west-2.amazonaws.com/allennlp/models/elmo/2x4096_512_2048cnn_2xhighway/elmo_2x4096_512_2048cnn_2xhighway_weights.hdf5	crf_tagger	3263.684	5151	9689	9817	9689	0.9765263271239368	0.978766017013029	s3://suching-dev/ner-2003/test.txt	0.8977917430391401	41.425579097535866	0.8853503184713376	0.910587818696884	s3://suching-dev/ner-2003/train.txt	0	5.7397057484553	0.5	2	reduce_on_plateau	20	1	2.990055798677613e-05	adam	5	+f1-measure-overall	0.9999459780670952	0.9999558002367144	3263.684	12868.0	11	0.9996595310039079	5151	9689	9689	9689	0.059843502193848465	0.99974462651628	0.9995744499765948	0	0.9875004867411704	0.9888828316654336	s3://suching-dev/ner-2003/dev.txt	0.9365624738120678	25.20397022191216	0.9327324319813052	0.9404240996297544	10000	elmo fine-tuned
32	32	5	0.9864491258128576	0.9881624547330712	0.9352155281068321	16.108702470274533	0.9338815237455949	0.9365533490407272	BIOUL	ner	elmo_characters	conll2003	9	True	16	basic	0.2543876579269019	True	0.20428575878875505	142.0	1024.0	1.0	lstm	False	BIOUL	[['scalar_parameters', {'alpha': '0.575935629626097', 'type': 'l2'}]]	False	0.06543835888117118	https://s3-us-west-2.amazonaws.com/allennlp/models/elmo/2x4096_512_2048cnn_2xhighway/elmo_2x4096_512_2048cnn_2xhighway_options.json	True	elmo_token_embedder	https://s3-us-west-2.amazonaws.com/allennlp/models/elmo/2x4096_512_2048cnn_2xhighway/elmo_2x4096_512_2048cnn_2xhighway_weights.hdf5	crf_tagger	3169.664	4815	10	10	10	0.977409281791752	0.9793474749650048	s3://suching-dev/ner-2003/test.txt	0.9002629272567423	24.786722637988905	0.8913571676501215	0.9093484419263456	s3://suching-dev/ner-2003/train.txt	0	6.321829596862138	0.5	2	reduce_on_plateau	20	1	2.1021996534872197e-05	adam	5	+f1-measure-overall	0.9997740900987621	0.999813378777238	3169.636	5574.0	9	0.9989358985272336	4815	10	10	10	0.3566814414745277	0.9991485376133509	0.9987233499297844	0	0.9865075347533196	0.988065106498968	s3://suching-dev/ner-2003/dev.txt	0.934621848739446	17.63474876272912	0.9333669016448471	0.935880175025244	10000	elmo fine-tuned
33	33	4	0.9872279116856819	0.9884350297885596	0.9363880496810512	16.371421112733728	0.9338801473049884	0.9389094580949175	BIOUL	ner	elmo_characters	conll2003	8	True	16	basic	0.1229403380443606	True	0.3004633199436184	104.0	1024.0	1.0	lstm	False	BIOUL	[['scalar_parameters', {'alpha': '0.2295580199619687', 'type': 'l2'}]]	False	0.02726789496457982	https://s3-us-west-2.amazonaws.com/allennlp/models/elmo/2x4096_512_2048cnn_2xhighway/elmo_2x4096_512_2048cnn_2xhighway_options.json	True	elmo_token_embedder	https://s3-us-west-2.amazonaws.com/allennlp/models/elmo/2x4096_512_2048cnn_2xhighway/elmo_2x4096_512_2048cnn_2xhighway_weights.hdf5	crf_tagger	3182.492	5175	10	10	10681	0.9758371917734469	0.9778184559061052	s3://suching-dev/ner-2003/test.txt	0.8986953856929717	26.30717492103577	0.8889658756279231	0.9086402266288952	s3://suching-dev/ner-2003/train.txt	0	9.33007140288882	0.5	2	reduce_on_plateau	20	1	6.174463678482612e-05	adam	5	+f1-measure-overall	0.9999410669822856	0.9999508891519048	3182.46	7023.0	8	0.9996808171081532	5175	10	10	10	0.0769499511413429	0.9997446373850868	0.9996170049789352	0	0.9863712472255752	0.987928818971224	s3://suching-dev/ner-2003/dev.txt	0.9329745185433864	19.65175889052597	0.9324256177508824	0.9335240659710536	10000	elmo fine-tuned
34	34	1	0.8399984424282544	0.8565865815194112	0.11848269608582115	133.8956989400527	0.5807407407407407	0.06597105351733422	BIOUL	ner	elmo_characters	conll2003	5	True	16	basic	0.2397618352174113	True	0.3177513523960266	194.0	1024.0	3.0	lstm	False	BIOUL	[['scalar_parameters', {'alpha': '0.2257389309269831', 'type': 'l2'}]]	False	0.4430527623123388	https://s3-us-west-2.amazonaws.com/allennlp/models/elmo/2x4096_512_2048cnn_2xhighway/elmo_2x4096_512_2048cnn_2xhighway_options.json	True	elmo_token_embedder	https://s3-us-west-2.amazonaws.com/allennlp/models/elmo/2x4096_512_2048cnn_2xhighway/elmo_2x4096_512_2048cnn_2xhighway_weights.hdf5	crf_tagger	3196.3559999999998	4715	10	10	10	0.8352966512329062	0.858490362872833	s3://suching-dev/ner-2003/test.txt	0.1613752516648379	115.44498025929487	0.6440049443757725	0.09224504249291783	s3://suching-dev/ner-2003/train.txt	0	7.974110735255111	0.5	2	reduce_on_plateau	20	1	0.009128684688793302	adam	5	+f1-measure-overall	0.8340691775406269	0.8584772690439592	3196.32	3322.0	5	0.0357260726072548	4715	10	10	10	128.53402972384302	0.5843454790823212	0.01842631601344738	0	0.8343133055566372	0.8518359876951832	s3://suching-dev/ner-2003/dev.txt	0.04897696149507802	137.5613623834124	0.5735849056603771	0.02558061258835409	10000	elmo fine-tuned
35	35	5	0.9855340524122892	0.9874226081538879	0.9279543738991364	23.14527655582802	0.9249289416485538	0.9309996634129922	BIOUL	ner	elmo_characters	conll2003	9	True	16	basic	0.014821785026261969	True	0.22015782391684352	459.0	1024.0	3.0	lstm	False	BIOUL	[['scalar_parameters', {'alpha': '0.2653730766995758', 'type': 'l2'}]]	False	0.4574879998422253	https://s3-us-west-2.amazonaws.com/allennlp/models/elmo/2x4096_512_2048cnn_2xhighway/elmo_2x4096_512_2048cnn_2xhighway_options.json	True	elmo_token_embedder	https://s3-us-west-2.amazonaws.com/allennlp/models/elmo/2x4096_512_2048cnn_2xhighway/elmo_2x4096_512_2048cnn_2xhighway_weights.hdf5	crf_tagger	3276.728	4807	10	10	10	0.9749542371056316	0.9772585334338324	s3://suching-dev/ner-2003/test.txt	0.8896058597836961	35.41685047635325	0.8764604810996564	0.9031515580736544	s3://suching-dev/ner-2003/train.txt	0	7.860634245642852	0.5	2	reduce_on_plateau	20	1	1.573328139742818e-05	adam	5	+f1-measure-overall	0.9995088915190476	0.9995481801975238	3276.696	5848.0	9	0.9971264979459282	4807	10	10	10	0.5383350851315505	0.9974874371859296	0.99676581982212	0	0.9853977648845451	0.9873057902729644	s3://suching-dev/ner-2003/dev.txt	0.9252532016405292	26.23849764992209	0.9203996669442132	0.9301581958936384	10000	elmo fine-tuned
